mutant	score	cluster
M1A	1	0
M1C	1	0
M1D	1	0
M1E	1	0
M1F	1	0
M1G	1	0
M1H	1	0
M1I	1	0
M1K	1	0
M1L	1	0
M1N	1	0
M1P	1	0
M1Q	1	0
M1R	1	0
M1S	1	0
M1T	1	0
M1V	1	0
M1W	1	0
M1Y	1	0
P2A	1	0
P2C	1	0
P2D	1	0
P2E	1	0
P2F	1	0
P2G	1	0
P2H	1	0
P2I	1	0
P2K	1	0
P2L	1	0
P2M	1	0
P2N	1	0
P2Q	1	0
P2R	1	0
P2S	1	0
P2T	1	0
P2V	1	0
P2W	1	0
P2Y	1	0
K3A	1	0
K3C	1	0
K3D	1	0
K3E	1	0
K3F	1	0
K3G	1	0
K3H	1	0
K3I	1	0
K3L	1	0
K3M	1	0
K3N	1	0
K3P	1	0
K3Q	1	0
K3R	1	0
K3S	1	0
K3T	1	0
K3V	1	0
K3W	1	0
K3Y	1	0
K4A	1	0
K4C	1	0
K4D	1	0
K4E	1	0
K4F	1	0
K4G	1	0
K4H	1	0
K4I	1	0
K4L	1	0
K4M	1	0
K4N	1	0
K4P	1	0
K4Q	1	0
K4R	1	0
K4S	1	0
K4T	1	0
K4V	1	0
K4W	1	0
K4Y	1	0
K5A	1	0
K5C	1	0
K5D	1	0
K5E	1	0
K5F	1	0
K5G	1	0
K5H	1	0
K5I	1	0
K5L	1	0
K5M	1	0
K5N	1	0
K5P	1	0
K5Q	1	0
K5R	1	0
K5S	1	0
K5T	1	0
K5V	1	0
K5W	1	0
K5Y	1	0
P6A	1	0
P6C	1	0
P6D	1	0
P6E	1	0
P6F	1	0
P6G	1	0
P6H	1	0
P6I	1	0
P6K	1	0
P6L	1	0
P6M	1	0
P6N	1	0
P6Q	1	0
P6R	1	0
P6S	1	0
P6T	1	0
P6V	1	0
P6W	1	0
P6Y	1	0
T7A	1	0
T7C	1	0
T7D	1	0
T7E	1	0
T7F	1	0
T7G	1	0
T7H	1	0
T7I	1	0
T7K	1	0
T7L	1	0
T7M	1	0
T7N	1	0
T7P	1	0
T7Q	1	0
T7R	1	0
T7S	1	0
T7V	1	0
T7W	1	0
T7Y	1	0
P8A	1	0
P8C	1	0
P8D	1	0
P8E	1	0
P8F	1	0
P8G	1	0
P8H	1	0
P8I	1	0
P8K	1	0
P8L	1	0
P8M	1	0
P8N	1	0
P8Q	1	0
P8R	1	0
P8S	1	0
P8T	1	0
P8V	1	0
P8W	1	0
P8Y	1	0
I9A	1	0
I9C	1	0
I9D	1	0
I9E	1	0
I9F	1	0
I9G	1	0
I9H	1	0
I9K	1	0
I9L	1	0
I9M	1	0
I9N	1	0
I9P	1	0
I9Q	1	0
I9R	1	0
I9S	1	0
I9T	1	0
I9V	1	0
I9W	1	0
I9Y	1	0
Q10A	1	0
Q10C	1	0
Q10D	1	0
Q10E	1	0
Q10F	1	0
Q10G	1	0
Q10H	1	0
Q10I	1	0
Q10K	1	0
Q10L	1	0
Q10M	1	0
Q10N	1	0
Q10P	1	0
Q10R	1	0
Q10S	1	0
Q10T	1	0
Q10V	1	0
Q10W	1	0
Q10Y	1	0
L11A	1	0
L11C	1	0
L11D	1	0
L11E	1	0
L11F	1	0
L11G	1	0
L11H	1	0
L11I	1	0
L11K	1	0
L11M	1	0
L11N	1	0
L11P	1	0
L11Q	1	0
L11R	1	0
L11S	1	0
L11T	1	0
L11V	1	0
L11W	1	0
L11Y	1	0
N12A	1	0
N12C	1	0
N12D	1	0
N12E	1	0
N12F	1	0
N12G	1	0
N12H	1	0
N12I	1	0
N12K	1	0
N12L	1	0
N12M	1	0
N12P	1	0
N12Q	1	0
N12R	1	0
N12S	1	0
N12T	1	0
N12V	1	0
N12W	1	0
N12Y	1	0
P13A	1	0
P13C	1	0
P13D	1	0
P13E	1	0
P13F	1	0
P13G	1	0
P13H	1	0
P13I	1	0
P13K	1	0
P13L	1	0
P13M	1	0
P13N	1	0
P13Q	1	0
P13R	1	0
P13S	1	0
P13T	1	0
P13V	1	0
P13W	1	0
P13Y	1	0
A14C	1	0
A14D	1	0
A14E	1	0
A14F	1	0
A14G	1	0
A14H	1	0
A14I	1	0
A14K	1	0
A14L	1	0
A14M	1	0
A14N	1	0
A14P	1	0
A14Q	1	0
A14R	1	0
A14S	1	0
A14T	1	0
A14V	1	0
A14W	1	0
A14Y	1	0
P15A	1	0
P15C	1	0
P15D	1	0
P15E	1	0
P15F	1	0
P15G	1	0
P15H	1	0
P15I	1	0
P15K	1	0
P15L	1	0
P15M	1	0
P15N	1	0
P15Q	1	0
P15R	1	0
P15S	1	0
P15T	1	0
P15V	1	0
P15W	1	0
P15Y	1	0
D16A	1	0
D16C	1	0
D16E	1	0
D16F	1	0
D16G	1	0
D16H	1	0
D16I	1	0
D16K	1	0
D16L	1	0
D16M	1	0
D16N	1	0
D16P	1	0
D16Q	1	0
D16R	1	0
D16S	1	0
D16T	1	0
D16V	1	0
D16W	1	0
D16Y	1	0
G17A	1	0
G17C	1	0
G17D	1	0
G17E	1	0
G17F	1	0
G17H	1	0
G17I	1	0
G17K	1	0
G17L	1	0
G17M	1	0
G17N	1	0
G17P	1	0
G17Q	1	0
G17R	1	0
G17S	1	0
G17T	1	0
G17V	1	0
G17W	1	0
G17Y	1	0
S18A	1	0
S18C	1	0
S18D	1	0
S18E	1	0
S18F	1	0
S18G	1	0
S18H	1	0
S18I	1	0
S18K	1	0
S18L	1	0
S18M	1	0
S18N	1	0
S18P	1	0
S18Q	1	0
S18R	1	0
S18T	1	0
S18V	1	0
S18W	1	0
S18Y	1	0
A19C	1	0
A19D	1	0
A19E	1	0
A19F	1	0
A19G	1	0
A19H	1	0
A19I	1	0
A19K	1	0
A19L	1	0
A19M	1	0
A19N	1	0
A19P	1	0
A19Q	1	0
A19R	1	0
A19S	1	0
A19T	1	0
A19V	1	0
A19W	1	0
A19Y	1	0
V20A	1	0
V20C	1	0
V20D	1	0
V20E	1	0
V20F	1	0
V20G	1	0
V20H	1	0
V20I	1	0
V20K	1	0
V20L	1	0
V20M	1	0
V20N	1	0
V20P	1	0
V20Q	1	0
V20R	1	0
V20S	1	0
V20T	1	0
V20W	1	0
V20Y	1	0
N21A	1	0
N21C	1	0
N21D	1	0
N21E	1	0
N21F	1	0
N21G	1	0
N21H	1	0
N21I	1	0
N21K	1	0
N21L	1	0
N21M	1	0
N21P	1	0
N21Q	1	0
N21R	1	0
N21S	1	0
N21T	1	0
N21V	1	0
N21W	1	0
N21Y	1	0
G22A	1	0
G22C	1	0
G22D	1	0
G22E	1	0
G22F	1	0
G22H	1	0
G22I	1	0
G22K	1	0
G22L	1	0
G22M	1	0
G22N	1	0
G22P	1	0
G22Q	1	0
G22R	1	0
G22S	1	0
G22T	1	0
G22V	1	0
G22W	1	0
G22Y	1	0
T23A	1	0
T23C	1	0
T23D	1	0
T23E	1	0
T23F	1	0
T23G	1	0
T23H	1	0
T23I	1	0
T23K	1	0
T23L	1	0
T23M	1	0
T23N	1	0
T23P	1	0
T23Q	1	0
T23R	1	0
T23S	1	0
T23V	1	0
T23W	1	0
T23Y	1	0
S24A	1	0
S24C	1	0
S24D	1	0
S24E	1	0
S24F	1	0
S24G	1	0
S24H	1	0
S24I	1	0
S24K	1	0
S24L	1	0
S24M	1	0
S24N	1	0
S24P	1	0
S24Q	1	0
S24R	1	0
S24T	1	0
S24V	1	0
S24W	1	0
S24Y	1	0
S25A	1	0
S25C	1	0
S25D	1	0
S25E	1	0
S25F	1	0
S25G	1	0
S25H	1	0
S25I	1	0
S25K	1	0
S25L	1	0
S25M	1	0
S25N	1	0
S25P	1	0
S25Q	1	0
S25R	1	0
S25T	1	0
S25V	1	0
S25W	1	0
S25Y	1	0
A26C	1	0
A26D	1	0
A26E	1	0
A26F	1	0
A26G	1	0
A26H	1	0
A26I	1	0
A26K	1	0
A26L	1	0
A26M	1	0
A26N	1	0
A26P	1	0
A26Q	1	0
A26R	1	0
A26S	1	0
A26T	1	0
A26V	1	0
A26W	1	0
A26Y	1	0
E27A	1	0
E27C	1	0
E27D	1	0
E27F	1	0
E27G	1	0
E27H	1	0
E27I	1	0
E27K	1	0
E27L	1	0
E27M	1	0
E27N	1	0
E27P	1	0
E27Q	1	0
E27R	1	0
E27S	1	0
E27T	1	0
E27V	1	0
E27W	1	0
E27Y	1	0
T28A	1	0
T28C	1	0
T28D	1	0
T28E	1	0
T28F	1	0
T28G	1	0
T28H	1	0
T28I	1	0
T28K	1	0
T28L	1	0
T28M	1	0
T28N	1	0
T28P	1	0
T28Q	1	0
T28R	1	0
T28S	1	0
T28V	1	0
T28W	1	0
T28Y	1	0
N29A	1	0
N29C	1	0
N29D	1	0
N29E	1	0
N29F	1	0
N29G	1	0
N29H	1	0
N29I	1	0
N29K	1	0
N29L	1	0
N29M	1	0
N29P	1	0
N29Q	1	0
N29R	1	0
N29S	1	0
N29T	1	0
N29V	1	0
N29W	1	0
N29Y	1	0
L30A	1	0
L30C	1	0
L30D	1	0
L30E	1	0
L30F	1	0
L30G	1	0
L30H	1	0
L30I	1	0
L30K	1	0
L30M	1	0
L30N	1	0
L30P	1	0
L30Q	1	0
L30R	1	0
L30S	1	0
L30T	1	0
L30V	1	0
L30W	1	0
L30Y	1	0
E31A	1	0
E31C	1	0
E31D	1	0
E31F	1	0
E31G	1	0
E31H	1	0
E31I	1	0
E31K	1	0
E31L	1	0
E31M	1	0
E31N	1	0
E31P	1	0
E31Q	1	0
E31R	1	0
E31S	1	0
E31T	1	0
E31V	1	0
E31W	1	0
E31Y	1	0
A32C	1	0
A32D	1	0
A32E	1	0
A32F	1	0
A32G	1	0
A32H	1	0
A32I	1	0
A32K	1	0
A32L	1	0
A32M	1	0
A32N	1	0
A32P	1	0
A32Q	1	0
A32R	1	0
A32S	1	0
A32T	1	0
A32V	1	0
A32W	1	0
A32Y	1	0
L33A	1	0
L33C	1	0
L33D	1	0
L33E	1	0
L33F	1	0
L33G	1	0
L33H	1	0
L33I	1	0
L33K	1	0
L33M	1	0
L33N	1	0
L33P	1	0
L33Q	1	0
L33R	1	0
L33S	1	0
L33T	1	0
L33V	1	0
L33W	1	0
L33Y	1	0
Q34A	1	0
Q34C	1	0
Q34D	1	0
Q34E	1	0
Q34F	1	0
Q34G	1	0
Q34H	1	0
Q34I	1	0
Q34K	1	0
Q34L	1	0
Q34M	1	0
Q34N	1	0
Q34P	1	0
Q34R	1	0
Q34S	1	0
Q34T	1	0
Q34V	1	0
Q34W	1	0
Q34Y	1	0
K35A	1	0
K35C	1	0
K35D	1	0
K35E	1	0
K35F	1	0
K35G	1	0
K35H	1	0
K35I	1	0
K35L	1	0
K35M	1	0
K35N	1	0
K35P	1	0
K35Q	1	0
K35R	1	0
K35S	1	0
K35T	1	0
K35V	1	0
K35W	1	0
K35Y	1	0
K36A	1	0
K36C	1	0
K36D	1	0
K36E	1	0
K36F	1	0
K36G	1	0
K36H	1	0
K36I	1	0
K36L	1	0
K36M	1	0
K36N	1	0
K36P	1	0
K36Q	1	0
K36R	1	0
K36S	1	0
K36T	1	0
K36V	1	0
K36W	1	0
K36Y	1	0
L37A	1	0
L37C	1	0
L37D	1	0
L37E	1	0
L37F	1	0
L37G	1	0
L37H	1	0
L37I	1	0
L37K	1	0
L37M	1	0
L37N	1	0
L37P	1	0
L37Q	1	0
L37R	1	0
L37S	1	0
L37T	1	0
L37V	1	0
L37W	1	0
L37Y	1	0
E38A	1	0
E38C	1	0
E38D	1	0
E38F	1	0
E38G	1	0
E38H	1	0
E38I	1	0
E38K	1	0
E38L	1	0
E38M	1	0
E38N	1	0
E38P	1	0
E38Q	1	0
E38R	1	0
E38S	1	0
E38T	1	0
E38V	1	0
E38W	1	0
E38Y	1	0
E39A	1	0
E39C	1	0
E39D	1	0
E39F	1	0
E39G	1	0
E39H	1	0
E39I	1	0
E39K	1	0
E39L	1	0
E39M	1	0
E39N	1	0
E39P	1	0
E39Q	1	0
E39R	1	0
E39S	1	0
E39T	1	0
E39V	1	0
E39W	1	0
E39Y	1	0
L40A	1	0
L40C	1	0
L40D	1	0
L40E	1	0
L40F	1	0
L40G	1	0
L40H	1	0
L40I	1	0
L40K	1	0
L40M	1	0
L40N	1	0
L40P	1	0
L40Q	1	0
L40R	1	0
L40S	1	0
L40T	1	0
L40V	1	0
L40W	1	0
L40Y	1	0
E41A	1	0
E41C	1	0
E41D	1	0
E41F	1	0
E41G	1	0
E41H	1	0
E41I	1	0
E41K	1	0
E41L	1	0
E41M	1	0
E41N	1	0
E41P	1	0
E41Q	1	0
E41R	1	0
E41S	1	0
E41T	1	0
E41V	1	0
E41W	1	0
E41Y	1	0
L42A	1	0
L42C	1	0
L42D	1	0
L42E	1	0
L42F	1	0
L42G	1	0
L42H	1	0
L42I	1	0
L42K	1	0
L42M	1	0
L42N	1	0
L42P	1	0
L42Q	1	0
L42R	1	0
L42S	1	0
L42T	1	0
L42V	1	0
L42W	1	0
L42Y	1	0
D43A	1	0
D43C	1	0
D43E	1	0
D43F	1	0
D43G	1	0
D43H	1	0
D43I	1	0
D43K	1	0
D43L	1	0
D43M	1	0
D43N	1	0
D43P	1	0
D43Q	1	0
D43R	1	0
D43S	1	0
D43T	1	0
D43V	1	0
D43W	1	0
D43Y	1	0
E44A	1	0
E44C	1	0
E44D	1	0
E44F	1	0
E44G	1	0
E44H	1	0
E44I	1	0
E44K	1	0
E44L	1	0
E44M	1	0
E44N	1	0
E44P	1	0
E44Q	1	0
E44R	1	0
E44S	1	0
E44T	1	0
E44V	1	0
E44W	1	0
E44Y	1	0
Q45A	1	0
Q45C	1	0
Q45D	1	0
Q45E	1	0
Q45F	1	0
Q45G	1	0
Q45H	1	0
Q45I	1	0
Q45K	1	0
Q45L	1	0
Q45M	1	0
Q45N	1	0
Q45P	1	0
Q45R	1	0
Q45S	1	0
Q45T	1	0
Q45V	1	0
Q45W	1	0
Q45Y	1	0
Q46A	1	0
Q46C	1	0
Q46D	1	0
Q46E	1	0
Q46F	1	0
Q46G	1	0
Q46H	1	0
Q46I	1	0
Q46K	1	0
Q46L	1	0
Q46M	1	0
Q46N	1	0
Q46P	1	0
Q46R	1	0
Q46S	1	0
Q46T	1	0
Q46V	1	0
Q46W	1	0
Q46Y	1	0
R47A	1	0
R47C	1	0
R47D	1	0
R47E	1	0
R47F	1	0
R47G	1	0
R47H	1	0
R47I	1	0
R47K	1	0
R47L	1	0
R47M	1	0
R47N	1	0
R47P	1	0
R47Q	1	0
R47S	1	0
R47T	1	0
R47V	1	0
R47W	1	0
R47Y	1	0
K48A	1	0
K48C	1	0
K48D	1	0
K48E	1	0
K48F	1	0
K48G	1	0
K48H	1	0
K48I	1	0
K48L	1	0
K48M	1	0
K48N	1	0
K48P	1	0
K48Q	1	0
K48R	1	0
K48S	1	0
K48T	1	0
K48V	1	0
K48W	1	0
K48Y	1	0
R49A	1	0
R49C	1	0
R49D	1	0
R49E	1	0
R49F	1	0
R49G	1	0
R49H	1	0
R49I	1	0
R49K	1	0
R49L	1	0
R49M	1	0
R49N	1	0
R49P	1	0
R49Q	1	0
R49S	1	0
R49T	1	0
R49V	1	0
R49W	1	0
R49Y	1	0
L50A	1	0
L50C	1	0
L50D	1	0
L50E	1	0
L50F	1	0
L50G	1	0
L50H	1	0
L50I	1	0
L50K	1	0
L50M	1	0
L50N	1	0
L50P	1	0
L50Q	1	0
L50R	1	0
L50S	1	0
L50T	1	0
L50V	1	0
L50W	1	0
L50Y	1	0
E51A	1	0
E51C	1	0
E51D	1	0
E51F	1	0
E51G	1	0
E51H	1	0
E51I	1	0
E51K	1	0
E51L	1	0
E51M	1	0
E51N	1	0
E51P	1	0
E51Q	1	0
E51R	1	0
E51S	1	0
E51T	1	0
E51V	1	0
E51W	1	0
E51Y	1	0
A52C	1	0
A52D	1	0
A52E	1	0
A52F	1	0
A52G	1	0
A52H	1	0
A52I	1	0
A52K	1	0
A52L	1	0
A52M	1	0
A52N	1	0
A52P	1	0
A52Q	1	0
A52R	1	0
A52S	1	0
A52T	1	0
A52V	1	0
A52W	1	0
A52Y	1	0
F53A	1	0
F53C	1	0
F53D	1	0
F53E	1	0
F53G	1	0
F53H	1	0
F53I	1	0
F53K	1	0
F53L	1	0
F53M	1	0
F53N	1	0
F53P	1	0
F53Q	1	0
F53R	1	0
F53S	1	0
F53T	1	0
F53V	1	0
F53W	1	0
F53Y	1	0
L54A	1	0
L54C	1	0
L54D	1	0
L54E	1	0
L54F	1	0
L54G	1	0
L54H	1	0
L54I	1	0
L54K	1	0
L54M	1	0
L54N	1	0
L54P	1	0
L54Q	1	0
L54R	1	0
L54S	1	0
L54T	1	0
L54V	1	0
L54W	1	0
L54Y	1	0
T55A	1	0
T55C	1	0
T55D	1	0
T55E	1	0
T55F	1	0
T55G	1	0
T55H	1	0
T55I	1	0
T55K	1	0
T55L	1	0
T55M	1	0
T55N	1	0
T55P	1	0
T55Q	1	0
T55R	1	0
T55S	1	0
T55V	1	0
T55W	1	0
T55Y	1	0
Q56A	1	0
Q56C	1	0
Q56D	1	0
Q56E	1	0
Q56F	1	0
Q56G	1	0
Q56H	1	0
Q56I	1	0
Q56K	1	0
Q56L	1	0
Q56M	1	0
Q56N	1	0
Q56P	1	0
Q56R	1	0
Q56S	1	0
Q56T	1	0
Q56V	1	0
Q56W	1	0
Q56Y	1	0
K57A	1	0
K57C	1	0
K57D	1	0
K57E	1	0
K57F	1	0
K57G	1	0
K57H	1	0
K57I	1	0
K57L	1	0
K57M	1	0
K57N	1	0
K57P	1	0
K57Q	1	0
K57R	1	0
K57S	1	0
K57T	1	0
K57V	1	0
K57W	1	0
K57Y	1	0
Q58A	1	0
Q58C	1	0
Q58D	1	0
Q58E	1	0
Q58F	1	0
Q58G	1	0
Q58H	1	0
Q58I	1	0
Q58K	1	0
Q58L	1	0
Q58M	1	0
Q58N	1	0
Q58P	1	0
Q58R	1	0
Q58S	1	0
Q58T	1	0
Q58V	1	0
Q58W	1	0
Q58Y	1	0
K59A	1	0
K59C	1	0
K59D	1	0
K59E	1	0
K59F	1	0
K59G	1	0
K59H	1	0
K59I	1	0
K59L	1	0
K59M	1	0
K59N	1	0
K59P	1	0
K59Q	1	0
K59R	1	0
K59S	1	0
K59T	1	0
K59V	1	0
K59W	1	0
K59Y	1	0
V60A	1	0
V60C	1	0
V60D	1	0
V60E	1	0
V60F	1	0
V60G	1	0
V60H	1	0
V60I	1	0
V60K	1	0
V60L	1	0
V60M	1	0
V60N	1	0
V60P	1	0
V60Q	1	0
V60R	1	0
V60S	1	0
V60T	1	0
V60W	1	0
V60Y	1	0
G61A	1	0
G61C	1	0
G61D	1	0
G61E	1	0
G61F	1	0
G61H	1	0
G61I	1	0
G61K	1	0
G61L	1	0
G61M	1	0
G61N	1	0
G61P	1	0
G61Q	1	0
G61R	1	0
G61S	1	0
G61T	1	0
G61V	1	0
G61W	1	0
G61Y	1	0
E62A	1	0
E62C	1	0
E62D	1	0
E62F	1	0
E62G	1	0
E62H	1	0
E62I	1	0
E62K	1	0
E62L	1	0
E62M	1	0
E62N	1	0
E62P	1	0
E62Q	1	0
E62R	1	0
E62S	1	0
E62T	1	0
E62V	1	0
E62W	1	0
E62Y	1	0
L63A	1	0
L63C	1	0
L63D	1	0
L63E	1	0
L63F	1	0
L63G	1	0
L63H	1	0
L63I	1	0
L63K	1	0
L63M	1	0
L63N	1	0
L63P	1	0
L63Q	1	0
L63R	1	0
L63S	1	0
L63T	1	0
L63V	1	0
L63W	1	0
L63Y	1	0
K64A	1	0
K64C	1	0
K64D	1	0
K64E	1	0
K64F	1	0
K64G	1	0
K64H	1	0
K64I	1	0
K64L	1	0
K64M	1	0
K64N	1	0
K64P	1	0
K64Q	1	0
K64R	1	0
K64S	1	0
K64T	1	0
K64V	1	0
K64W	1	0
K64Y	1	0
D65A	1	0
D65C	1	0
D65E	1	0
D65F	1	0
D65G	1	0
D65H	1	0
D65I	1	0
D65K	1	0
D65L	1	0
D65M	1	0
D65N	1	0
D65P	1	0
D65Q	1	0
D65R	1	0
D65S	1	0
D65T	1	0
D65V	1	0
D65W	1	0
D65Y	1	0
D66A	1	0
D66C	1	0
D66E	1	0
D66F	1	0
D66G	1	0
D66H	1	0
D66I	1	0
D66K	1	0
D66L	1	0
D66M	1	0
D66N	1	0
D66P	1	0
D66Q	1	0
D66R	1	0
D66S	1	0
D66T	1	0
D66V	1	0
D66W	1	0
D66Y	1	0
D67A	1	0
D67C	1	0
D67E	1	0
D67F	1	0
D67G	1	0
D67H	1	0
D67I	1	0
D67K	1	0
D67L	1	0
D67M	1	0
D67N	1	0
D67P	1	0
D67Q	1	0
D67R	1	0
D67S	1	0
D67T	1	0
D67V	1	0
D67W	1	0
D67Y	1	0
F68A	1	0
F68C	1	0
F68D	1	0
F68E	1	0
F68G	1	0
F68H	1	0
F68I	1	0
F68K	1	0
F68L	1	0
F68M	1	0
F68N	1	0
F68P	1	0
F68Q	1	0
F68R	1	0
F68S	1	0
F68T	1	0
F68V	1	0
F68W	1	0
F68Y	1	0
E69A	1	0
E69C	1	0
E69D	1	0
E69F	1	0
E69G	1	0
E69H	1	0
E69I	1	0
E69K	1	0
E69L	1	0
E69M	1	0
E69N	1	0
E69P	1	0
E69Q	1	0
E69R	1	0
E69S	1	0
E69T	1	0
E69V	1	0
E69W	1	0
E69Y	1	0
K70A	1	0
K70C	1	0
K70D	1	0
K70E	1	0
K70F	1	0
K70G	1	0
K70H	1	0
K70I	1	0
K70L	1	0
K70M	1	0
K70N	1	0
K70P	1	0
K70Q	1	0
K70R	1	0
K70S	1	0
K70T	1	0
K70V	1	0
K70W	1	0
K70Y	1	0
I71A	1	0
I71C	1	0
I71D	1	0
I71E	1	0
I71F	1	0
I71G	1	0
I71H	1	0
I71K	1	0
I71L	1	0
I71M	1	0
I71N	1	0
I71P	1	0
I71Q	1	0
I71R	1	0
I71S	1	0
I71T	1	0
I71V	1	0
I71W	1	0
I71Y	1	0
S72A	1	0
S72C	1	0
S72D	1	0
S72E	1	0
S72F	1	0
S72G	1	0
S72H	1	0
S72I	1	0
S72K	1	0
S72L	1	0
S72M	1	0
S72N	1	0
S72P	1	0
S72Q	1	0
S72R	1	0
S72T	1	0
S72V	1	0
S72W	1	0
S72Y	1	0
E73A	1	0
E73C	1	0
E73D	1	0
E73F	1	0
E73G	1	0
E73H	1	0
E73I	1	0
E73K	1	0
E73L	1	0
E73M	1	0
E73N	1	0
E73P	1	0
E73Q	1	0
E73R	1	0
E73S	1	0
E73T	1	0
E73V	1	0
E73W	1	0
E73Y	1	0
L74A	1	0
L74C	1	0
L74D	1	0
L74E	1	0
L74F	1	0
L74G	1	0
L74H	1	0
L74I	1	0
L74K	1	0
L74M	1	0
L74N	1	0
L74P	1	0
L74Q	1	0
L74R	1	0
L74S	1	0
L74T	1	0
L74V	1	0
L74W	1	0
L74Y	1	0
G75A	1	0
G75C	1	0
G75D	1	0
G75E	1	0
G75F	1	0
G75H	1	0
G75I	1	0
G75K	1	0
G75L	1	0
G75M	1	0
G75N	1	0
G75P	1	0
G75Q	1	0
G75R	1	0
G75S	1	0
G75T	1	0
G75V	1	0
G75W	1	0
G75Y	1	0
A76C	1	0
A76D	1	0
A76E	1	0
A76F	1	0
A76G	1	0
A76H	1	0
A76I	1	0
A76K	1	0
A76L	1	0
A76M	1	0
A76N	1	0
A76P	1	0
A76Q	1	0
A76R	1	0
A76S	1	0
A76T	1	0
A76V	1	0
A76W	1	0
A76Y	1	0
G77A	1	0
G77C	1	0
G77D	1	0
G77E	1	0
G77F	1	0
G77H	1	0
G77I	1	0
G77K	1	0
G77L	1	0
G77M	1	0
G77N	1	0
G77P	1	0
G77Q	1	0
G77R	1	0
G77S	1	0
G77T	1	0
G77V	1	0
G77W	1	0
G77Y	1	0
N78A	1	0
N78C	1	0
N78D	1	0
N78E	1	0
N78F	1	0
N78G	1	0
N78H	1	0
N78I	1	0
N78K	1	0
N78L	1	0
N78M	1	0
N78P	1	0
N78Q	1	0
N78R	1	0
N78S	1	0
N78T	1	0
N78V	1	0
N78W	1	0
N78Y	1	0
G79A	1	0
G79C	1	0
G79D	1	0
G79E	1	0
G79F	1	0
G79H	1	0
G79I	1	0
G79K	1	0
G79L	1	0
G79M	1	0
G79N	1	0
G79P	1	0
G79Q	1	0
G79R	1	0
G79S	1	0
G79T	1	0
G79V	1	0
G79W	1	0
G79Y	1	0
G80A	1	0
G80C	1	0
G80D	1	0
G80E	1	0
G80F	1	0
G80H	1	0
G80I	1	0
G80K	1	0
G80L	1	0
G80M	1	0
G80N	1	0
G80P	1	0
G80Q	1	0
G80R	1	0
G80S	1	0
G80T	1	0
G80V	1	0
G80W	1	0
G80Y	1	0
V81A	1	0
V81C	1	0
V81D	1	0
V81E	1	0
V81F	1	0
V81G	1	0
V81H	1	0
V81I	1	0
V81K	1	0
V81L	1	0
V81M	1	0
V81N	1	0
V81P	1	0
V81Q	1	0
V81R	1	0
V81S	1	0
V81T	1	0
V81W	1	0
V81Y	1	0
V82A	1	0
V82C	1	0
V82D	1	0
V82E	1	0
V82F	1	0
V82G	1	0
V82H	1	0
V82I	1	0
V82K	1	0
V82L	1	0
V82M	1	0
V82N	1	0
V82P	1	0
V82Q	1	0
V82R	1	0
V82S	1	0
V82T	1	0
V82W	1	0
V82Y	1	0
F83A	1	0
F83C	1	0
F83D	1	0
F83E	1	0
F83G	1	0
F83H	1	0
F83I	1	0
F83K	1	0
F83L	1	0
F83M	1	0
F83N	1	0
F83P	1	0
F83Q	1	0
F83R	1	0
F83S	1	0
F83T	1	0
F83V	1	0
F83W	1	0
F83Y	1	0
K84A	1	0
K84C	1	0
K84D	1	0
K84E	1	0
K84F	1	0
K84G	1	0
K84H	1	0
K84I	1	0
K84L	1	0
K84M	1	0
K84N	1	0
K84P	1	0
K84Q	1	0
K84R	1	0
K84S	1	0
K84T	1	0
K84V	1	0
K84W	1	0
K84Y	1	0
V85A	1	0
V85C	1	0
V85D	1	0
V85E	1	0
V85F	1	0
V85G	1	0
V85H	1	0
V85I	1	0
V85K	1	0
V85L	1	0
V85M	1	0
V85N	1	0
V85P	1	0
V85Q	1	0
V85R	1	0
V85S	1	0
V85T	1	0
V85W	1	0
V85Y	1	0
S86A	1	0
S86C	1	0
S86D	1	0
S86E	1	0
S86F	1	0
S86G	1	0
S86H	1	0
S86I	1	0
S86K	1	0
S86L	1	0
S86M	1	0
S86N	1	0
S86P	1	0
S86Q	1	0
S86R	1	0
S86T	1	0
S86V	1	0
S86W	1	0
S86Y	1	0
H87A	1	0
H87C	1	0
H87D	1	0
H87E	1	0
H87F	1	0
H87G	1	0
H87I	1	0
H87K	1	0
H87L	1	0
H87M	1	0
H87N	1	0
H87P	1	0
H87Q	1	0
H87R	1	0
H87S	1	0
H87T	1	0
H87V	1	0
H87W	1	0
H87Y	1	0
K88A	1	0
K88C	1	0
K88D	1	0
K88E	1	0
K88F	1	0
K88G	1	0
K88H	1	0
K88I	1	0
K88L	1	0
K88M	1	0
K88N	1	0
K88P	1	0
K88Q	1	0
K88R	1	0
K88S	1	0
K88T	1	0
K88V	1	0
K88W	1	0
K88Y	1	0
P89A	1	0
P89C	1	0
P89D	1	0
P89E	1	0
P89F	1	0
P89G	1	0
P89H	1	0
P89I	1	0
P89K	1	0
P89L	1	0
P89M	1	0
P89N	1	0
P89Q	1	0
P89R	1	0
P89S	1	0
P89T	1	0
P89V	1	0
P89W	1	0
P89Y	1	0
S90A	1	0
S90C	1	0
S90D	1	0
S90E	1	0
S90F	1	0
S90G	1	0
S90H	1	0
S90I	1	0
S90K	1	0
S90L	1	0
S90M	1	0
S90N	1	0
S90P	1	0
S90Q	1	0
S90R	1	0
S90T	1	0
S90V	1	0
S90W	1	0
S90Y	1	0
G91A	1	0
G91C	1	0
G91D	1	0
G91E	1	0
G91F	1	0
G91H	1	0
G91I	1	0
G91K	1	0
G91L	1	0
G91M	1	0
G91N	1	0
G91P	1	0
G91Q	1	0
G91R	1	0
G91S	1	0
G91T	1	0
G91V	1	0
G91W	1	0
G91Y	1	0
L92A	1	0
L92C	1	0
L92D	1	0
L92E	1	0
L92F	1	0
L92G	1	0
L92H	1	0
L92I	1	0
L92K	1	0
L92M	1	0
L92N	1	0
L92P	1	0
L92Q	1	0
L92R	1	0
L92S	1	0
L92T	1	0
L92V	1	0
L92W	1	0
L92Y	1	0
V93A	1	0
V93C	1	0
V93D	1	0
V93E	1	0
V93F	1	0
V93G	1	0
V93H	1	0
V93I	1	0
V93K	1	0
V93L	1	0
V93M	1	0
V93N	1	0
V93P	1	0
V93Q	1	0
V93R	1	0
V93S	1	0
V93T	1	0
V93W	1	0
V93Y	1	0
M94A	1	0
M94C	1	0
M94D	1	0
M94E	1	0
M94F	1	0
M94G	1	0
M94H	1	0
M94I	1	0
M94K	1	0
M94L	1	0
M94N	1	0
M94P	1	0
M94Q	1	0
M94R	1	0
M94S	1	0
M94T	1	0
M94V	1	0
M94W	1	0
M94Y	1	0
A95C	1	0
A95D	1	0
A95E	1	0
A95F	1	0
A95G	1	0
A95H	1	0
A95I	1	0
A95K	1	0
A95L	1	0
A95M	1	0
A95N	1	0
A95P	1	0
A95Q	1	0
A95R	1	0
A95S	1	0
A95T	1	0
A95V	1	0
A95W	1	0
A95Y	1	0
R96A	1	0
R96C	1	0
R96D	1	0
R96E	1	0
R96F	1	0
R96G	1	0
R96H	1	0
R96I	1	0
R96K	1	0
R96L	1	0
R96M	1	0
R96N	1	0
R96P	1	0
R96Q	1	0
R96S	1	0
R96T	1	0
R96V	1	0
R96W	1	0
R96Y	1	0
K97A	1	0
K97C	1	0
K97D	1	0
K97E	1	0
K97F	1	0
K97G	1	0
K97H	1	0
K97I	1	0
K97L	1	0
K97M	1	0
K97N	1	0
K97P	1	0
K97Q	1	0
K97R	1	0
K97S	1	0
K97T	1	0
K97V	1	0
K97W	1	0
K97Y	1	0
L98A	1	0
L98C	1	0
L98D	1	0
L98E	1	0
L98F	1	0
L98G	1	0
L98H	1	0
L98I	1	0
L98K	1	0
L98M	1	0
L98N	1	0
L98P	1	0
L98Q	1	0
L98R	1	0
L98S	1	0
L98T	1	0
L98V	1	0
L98W	1	0
L98Y	1	0
I99A	1	0
I99C	1	0
I99D	1	0
I99E	1	0
I99F	1	0
I99G	1	0
I99H	1	0
I99K	1	0
I99L	1	0
I99M	1	0
I99N	1	0
I99P	1	0
I99Q	1	0
I99R	1	0
I99S	1	0
I99T	1	0
I99V	1	0
I99W	1	0
I99Y	1	0
H100A	1	0
H100C	1	0
H100D	1	0
H100E	1	0
H100F	1	0
H100G	1	0
H100I	1	0
H100K	1	0
H100L	1	0
H100M	1	0
H100N	1	0
H100P	1	0
H100Q	1	0
H100R	1	0
H100S	1	0
H100T	1	0
H100V	1	0
H100W	1	0
H100Y	1	0
L101A	1	0
L101C	1	0
L101D	1	0
L101E	1	0
L101F	1	0
L101G	1	0
L101H	1	0
L101I	1	0
L101K	1	0
L101M	1	0
L101N	1	0
L101P	1	0
L101Q	1	0
L101R	1	0
L101S	1	0
L101T	1	0
L101V	1	0
L101W	1	0
L101Y	1	0
E102A	1	0
E102C	1	0
E102D	1	0
E102F	1	0
E102G	1	0
E102H	1	0
E102I	1	0
E102K	1	0
E102L	1	0
E102M	1	0
E102N	1	0
E102P	1	0
E102Q	1	0
E102R	1	0
E102S	1	0
E102T	1	0
E102V	1	0
E102W	1	0
E102Y	1	0
I103A	1	0
I103C	1	0
I103D	1	0
I103E	1	0
I103F	1	0
I103G	1	0
I103H	1	0
I103K	1	0
I103L	1	0
I103M	1	0
I103N	1	0
I103P	1	0
I103Q	1	0
I103R	1	0
I103S	1	0
I103T	1	0
I103V	1	0
I103W	1	0
I103Y	1	0
K104A	1	0
K104C	1	0
K104D	1	0
K104E	1	0
K104F	1	0
K104G	1	0
K104H	1	0
K104I	1	0
K104L	1	0
K104M	1	0
K104N	1	0
K104P	1	0
K104Q	1	0
K104R	1	0
K104S	1	0
K104T	1	0
K104V	1	0
K104W	1	0
K104Y	1	0
P105A	1	0
P105C	1	0
P105D	1	0
P105E	1	0
P105F	1	0
P105G	1	0
P105H	1	0
P105I	1	0
P105K	1	0
P105L	1	0
P105M	1	0
P105N	1	0
P105Q	1	0
P105R	1	0
P105S	1	0
P105T	1	0
P105V	1	0
P105W	1	0
P105Y	1	0
A106C	1	0
A106D	1	0
A106E	1	0
A106F	1	0
A106G	1	0
A106H	1	0
A106I	1	0
A106K	1	0
A106L	1	0
A106M	1	0
A106N	1	0
A106P	1	0
A106Q	1	0
A106R	1	0
A106S	1	0
A106T	1	0
A106V	1	0
A106W	1	0
A106Y	1	0
I107A	1	0
I107C	1	0
I107D	1	0
I107E	1	0
I107F	1	0
I107G	1	0
I107H	1	0
I107K	1	0
I107L	1	0
I107M	1	0
I107N	1	0
I107P	1	0
I107Q	1	0
I107R	1	0
I107S	1	0
I107T	1	0
I107V	1	0
I107W	1	0
I107Y	1	0
R108A	1	0
R108C	1	0
R108D	1	0
R108E	1	0
R108F	1	0
R108G	1	0
R108H	1	0
R108I	1	0
R108K	1	0
R108L	1	0
R108M	1	0
R108N	1	0
R108P	1	0
R108Q	1	0
R108S	1	0
R108T	1	0
R108V	1	0
R108W	1	0
R108Y	1	0
N109A	1	0
N109C	1	0
N109D	1	0
N109E	1	0
N109F	1	0
N109G	1	0
N109H	1	0
N109I	1	0
N109K	1	0
N109L	1	0
N109M	1	0
N109P	1	0
N109Q	1	0
N109R	1	0
N109S	1	0
N109T	1	0
N109V	1	0
N109W	1	0
N109Y	1	0
Q110A	1	0
Q110C	1	0
Q110D	1	0
Q110E	1	0
Q110F	1	0
Q110G	1	0
Q110H	1	0
Q110I	1	0
Q110K	1	0
Q110L	1	0
Q110M	1	0
Q110N	1	0
Q110P	1	0
Q110R	1	0
Q110S	1	0
Q110T	1	0
Q110V	1	0
Q110W	1	0
Q110Y	1	0
I111A	1	0
I111C	1	0
I111D	1	0
I111E	1	0
I111F	1	0
I111G	1	0
I111H	1	0
I111K	1	0
I111L	1	0
I111M	1	0
I111N	1	0
I111P	1	0
I111Q	1	0
I111R	1	0
I111S	1	0
I111T	1	0
I111V	1	0
I111W	1	0
I111Y	1	0
I112A	1	0
I112C	1	0
I112D	1	0
I112E	1	0
I112F	1	0
I112G	1	0
I112H	1	0
I112K	1	0
I112L	1	0
I112M	1	0
I112N	1	0
I112P	1	0
I112Q	1	0
I112R	1	0
I112S	1	0
I112T	1	0
I112V	1	0
I112W	1	0
I112Y	1	0
R113A	1	0
R113C	1	0
R113D	1	0
R113E	1	0
R113F	1	0
R113G	1	0
R113H	1	0
R113I	1	0
R113K	1	0
R113L	1	0
R113M	1	0
R113N	1	0
R113P	1	0
R113Q	1	0
R113S	1	0
R113T	1	0
R113V	1	0
R113W	1	0
R113Y	1	0
E114A	1	0
E114C	1	0
E114D	1	0
E114F	1	0
E114G	1	0
E114H	1	0
E114I	1	0
E114K	1	0
E114L	1	0
E114M	1	0
E114N	1	0
E114P	1	0
E114Q	1	0
E114R	1	0
E114S	1	0
E114T	1	0
E114V	1	0
E114W	1	0
E114Y	1	0
L115A	1	0
L115C	1	0
L115D	1	0
L115E	1	0
L115F	1	0
L115G	1	0
L115H	1	0
L115I	1	0
L115K	1	0
L115M	1	0
L115N	1	0
L115P	1	0
L115Q	1	0
L115R	1	0
L115S	1	0
L115T	1	0
L115V	1	0
L115W	1	0
L115Y	1	0
Q116A	1	0
Q116C	1	0
Q116D	1	0
Q116E	1	0
Q116F	1	0
Q116G	1	0
Q116H	1	0
Q116I	1	0
Q116K	1	0
Q116L	1	0
Q116M	1	0
Q116N	1	0
Q116P	1	0
Q116R	1	0
Q116S	1	0
Q116T	1	0
Q116V	1	0
Q116W	1	0
Q116Y	1	0
V117A	1	0
V117C	1	0
V117D	1	0
V117E	1	0
V117F	1	0
V117G	1	0
V117H	1	0
V117I	1	0
V117K	1	0
V117L	1	0
V117M	1	0
V117N	1	0
V117P	1	0
V117Q	1	0
V117R	1	0
V117S	1	0
V117T	1	0
V117W	1	0
V117Y	1	0
L118A	1	0
L118C	1	0
L118D	1	0
L118E	1	0
L118F	1	0
L118G	1	0
L118H	1	0
L118I	1	0
L118K	1	0
L118M	1	0
L118N	1	0
L118P	1	0
L118Q	1	0
L118R	1	0
L118S	1	0
L118T	1	0
L118V	1	0
L118W	1	0
L118Y	1	0
H119A	1	0
H119C	1	0
H119D	1	0
H119E	1	0
H119F	1	0
H119G	1	0
H119I	1	0
H119K	1	0
H119L	1	0
H119M	1	0
H119N	1	0
H119P	1	0
H119Q	1	0
H119R	1	0
H119S	1	0
H119T	1	0
H119V	1	0
H119W	1	0
H119Y	1	0
E120A	1	0
E120C	1	0
E120D	1	0
E120F	1	0
E120G	1	0
E120H	1	0
E120I	1	0
E120K	1	0
E120L	1	0
E120M	1	0
E120N	1	0
E120P	1	0
E120Q	1	0
E120R	1	0
E120S	1	0
E120T	1	0
E120V	1	0
E120W	1	0
E120Y	1	0
C121A	1	0
C121D	1	0
C121E	1	0
C121F	1	0
C121G	1	0
C121H	1	0
C121I	1	0
C121K	1	0
C121L	1	0
C121M	1	0
C121N	1	0
C121P	1	0
C121Q	1	0
C121R	1	0
C121S	1	0
C121T	1	0
C121V	1	0
C121W	1	0
C121Y	1	0
N122A	1	0
N122C	1	0
N122D	1	0
N122E	1	0
N122F	1	0
N122G	1	0
N122H	1	0
N122I	1	0
N122K	1	0
N122L	1	0
N122M	1	0
N122P	1	0
N122Q	1	0
N122R	1	0
N122S	1	0
N122T	1	0
N122V	1	0
N122W	1	0
N122Y	1	0
S123A	1	0
S123C	1	0
S123D	1	0
S123E	1	0
S123F	1	0
S123G	1	0
S123H	1	0
S123I	1	0
S123K	1	0
S123L	1	0
S123M	1	0
S123N	1	0
S123P	1	0
S123Q	1	0
S123R	1	0
S123T	1	0
S123V	1	0
S123W	1	0
S123Y	1	0
P124A	1	0
P124C	1	0
P124D	1	0
P124E	1	0
P124F	1	0
P124G	1	0
P124H	1	0
P124I	1	0
P124K	1	0
P124L	1	0
P124M	1	0
P124N	1	0
P124Q	1	0
P124R	1	0
P124S	1	0
P124T	1	0
P124V	1	0
P124W	1	0
P124Y	1	0
Y125A	1	0
Y125C	1	0
Y125D	1	0
Y125E	1	0
Y125F	1	0
Y125G	1	0
Y125H	1	0
Y125I	1	0
Y125K	1	0
Y125L	1	0
Y125M	1	0
Y125N	1	0
Y125P	1	0
Y125Q	1	0
Y125R	1	0
Y125S	1	0
Y125T	1	0
Y125V	1	0
Y125W	1	0
I126A	1	0
I126C	1	0
I126D	1	0
I126E	1	0
I126F	1	0
I126G	1	0
I126H	1	0
I126K	1	0
I126L	1	0
I126M	1	0
I126N	1	0
I126P	1	0
I126Q	1	0
I126R	1	0
I126S	1	0
I126T	1	0
I126V	1	0
I126W	1	0
I126Y	1	0
V127A	1	0
V127C	1	0
V127D	1	0
V127E	1	0
V127F	1	0
V127G	1	0
V127H	1	0
V127I	1	0
V127K	1	0
V127L	1	0
V127M	1	0
V127N	1	0
V127P	1	0
V127Q	1	0
V127R	1	0
V127S	1	0
V127T	1	0
V127W	1	0
V127Y	1	0
G128A	1	0
G128C	1	0
G128D	1	0
G128E	1	0
G128F	1	0
G128H	1	0
G128I	1	0
G128K	1	0
G128L	1	0
G128M	1	0
G128N	1	0
G128P	1	0
G128Q	1	0
G128R	1	0
G128S	1	0
G128T	1	0
G128V	1	0
G128W	1	0
G128Y	1	0
F129A	1	0
F129C	1	0
F129D	1	0
F129E	1	0
F129G	1	0
F129H	1	0
F129I	1	0
F129K	1	0
F129L	1	0
F129M	1	0
F129N	1	0
F129P	1	0
F129Q	1	0
F129R	1	0
F129S	1	0
F129T	1	0
F129V	1	0
F129W	1	0
F129Y	1	0
Y130A	1	0
Y130C	1	0
Y130D	1	0
Y130E	1	0
Y130F	1	0
Y130G	1	0
Y130H	1	0
Y130I	1	0
Y130K	1	0
Y130L	1	0
Y130M	1	0
Y130N	1	0
Y130P	1	0
Y130Q	1	0
Y130R	1	0
Y130S	1	0
Y130T	1	0
Y130V	1	0
Y130W	1	0
G131A	1	0
G131C	1	0
G131D	1	0
G131E	1	0
G131F	1	0
G131H	1	0
G131I	1	0
G131K	1	0
G131L	1	0
G131M	1	0
G131N	1	0
G131P	1	0
G131Q	1	0
G131R	1	0
G131S	1	0
G131T	1	0
G131V	1	0
G131W	1	0
G131Y	1	0
A132C	1	0
A132D	1	0
A132E	1	0
A132F	1	0
A132G	1	0
A132H	1	0
A132I	1	0
A132K	1	0
A132L	1	0
A132M	1	0
A132N	1	0
A132P	1	0
A132Q	1	0
A132R	1	0
A132S	1	0
A132T	1	0
A132V	1	0
A132W	1	0
A132Y	1	0
F133A	1	0
F133C	1	0
F133D	1	0
F133E	1	0
F133G	1	0
F133H	1	0
F133I	1	0
F133K	1	0
F133L	1	0
F133M	1	0
F133N	1	0
F133P	1	0
F133Q	1	0
F133R	1	0
F133S	1	0
F133T	1	0
F133V	1	0
F133W	1	0
F133Y	1	0
Y134A	1	0
Y134C	1	0
Y134D	1	0
Y134E	1	0
Y134F	1	0
Y134G	1	0
Y134H	1	0
Y134I	1	0
Y134K	1	0
Y134L	1	0
Y134M	1	0
Y134N	1	0
Y134P	1	0
Y134Q	1	0
Y134R	1	0
Y134S	1	0
Y134T	1	0
Y134V	1	0
Y134W	1	0
S135A	1	0
S135C	1	0
S135D	1	0
S135E	1	0
S135F	1	0
S135G	1	0
S135H	1	0
S135I	1	0
S135K	1	0
S135L	1	0
S135M	1	0
S135N	1	0
S135P	1	0
S135Q	1	0
S135R	1	0
S135T	1	0
S135V	1	0
S135W	1	0
S135Y	1	0
D136A	1	0
D136C	1	0
D136E	1	0
D136F	1	0
D136G	1	0
D136H	1	0
D136I	1	0
D136K	1	0
D136L	1	0
D136M	1	0
D136N	1	0
D136P	1	0
D136Q	1	0
D136R	1	0
D136S	1	0
D136T	1	0
D136V	1	0
D136W	1	0
D136Y	1	0
G137A	1	0
G137C	1	0
G137D	1	0
G137E	1	0
G137F	1	0
G137H	1	0
G137I	1	0
G137K	1	0
G137L	1	0
G137M	1	0
G137N	1	0
G137P	1	0
G137Q	1	0
G137R	1	0
G137S	1	0
G137T	1	0
G137V	1	0
G137W	1	0
G137Y	1	0
E138A	1	0
E138C	1	0
E138D	1	0
E138F	1	0
E138G	1	0
E138H	1	0
E138I	1	0
E138K	1	0
E138L	1	0
E138M	1	0
E138N	1	0
E138P	1	0
E138Q	1	0
E138R	1	0
E138S	1	0
E138T	1	0
E138V	1	0
E138W	1	0
E138Y	1	0
I139A	1	0
I139C	1	0
I139D	1	0
I139E	1	0
I139F	1	0
I139G	1	0
I139H	1	0
I139K	1	0
I139L	1	0
I139M	1	0
I139N	1	0
I139P	1	0
I139Q	1	0
I139R	1	0
I139S	1	0
I139T	1	0
I139V	1	0
I139W	1	0
I139Y	1	0
S140A	1	0
S140C	1	0
S140D	1	0
S140E	1	0
S140F	1	0
S140G	1	0
S140H	1	0
S140I	1	0
S140K	1	0
S140L	1	0
S140M	1	0
S140N	1	0
S140P	1	0
S140Q	1	0
S140R	1	0
S140T	1	0
S140V	1	0
S140W	1	0
S140Y	1	0
I141A	1	0
I141C	1	0
I141D	1	0
I141E	1	0
I141F	1	0
I141G	1	0
I141H	1	0
I141K	1	0
I141L	1	0
I141M	1	0
I141N	1	0
I141P	1	0
I141Q	1	0
I141R	1	0
I141S	1	0
I141T	1	0
I141V	1	0
I141W	1	0
I141Y	1	0
C142A	1	0
C142D	1	0
C142E	1	0
C142F	1	0
C142G	1	0
C142H	1	0
C142I	1	0
C142K	1	0
C142L	1	0
C142M	1	0
C142N	1	0
C142P	1	0
C142Q	1	0
C142R	1	0
C142S	1	0
C142T	1	0
C142V	1	0
C142W	1	0
C142Y	1	0
M143A	1	0
M143C	1	0
M143D	1	0
M143E	1	0
M143F	1	0
M143G	1	0
M143H	1	0
M143I	1	0
M143K	1	0
M143L	1	0
M143N	1	0
M143P	1	0
M143Q	1	0
M143R	1	0
M143S	1	0
M143T	1	0
M143V	1	0
M143W	1	0
M143Y	1	0
E144A	1	0
E144C	1	0
E144D	1	0
E144F	1	0
E144G	1	0
E144H	1	0
E144I	1	0
E144K	1	0
E144L	1	0
E144M	1	0
E144N	1	0
E144P	1	0
E144Q	1	0
E144R	1	0
E144S	1	0
E144T	1	0
E144V	1	0
E144W	1	0
E144Y	1	0
H145A	1	0
H145C	1	0
H145D	1	0
H145E	1	0
H145F	1	0
H145G	1	0
H145I	1	0
H145K	1	0
H145L	1	0
H145M	1	0
H145N	1	0
H145P	1	0
H145Q	1	0
H145R	1	0
H145S	1	0
H145T	1	0
H145V	1	0
H145W	1	0
H145Y	1	0
M146A	1	0
M146C	1	0
M146D	1	0
M146E	1	0
M146F	1	0
M146G	1	0
M146H	1	0
M146I	1	0
M146K	1	0
M146L	1	0
M146N	1	0
M146P	1	0
M146Q	1	0
M146R	1	0
M146S	1	0
M146T	1	0
M146V	1	0
M146W	1	0
M146Y	1	0
D147A	1	0
D147C	1	0
D147E	1	0
D147F	1	0
D147G	1	0
D147H	1	0
D147I	1	0
D147K	1	0
D147L	1	0
D147M	1	0
D147N	1	0
D147P	1	0
D147Q	1	0
D147R	1	0
D147S	1	0
D147T	1	0
D147V	1	0
D147W	1	0
D147Y	1	0
G148A	1	0
G148C	1	0
G148D	1	0
G148E	1	0
G148F	1	0
G148H	1	0
G148I	1	0
G148K	1	0
G148L	1	0
G148M	1	0
G148N	1	0
G148P	1	0
G148Q	1	0
G148R	1	0
G148S	1	0
G148T	1	0
G148V	1	0
G148W	1	0
G148Y	1	0
G149A	1	0
G149C	1	0
G149D	1	0
G149E	1	0
G149F	1	0
G149H	1	0
G149I	1	0
G149K	1	0
G149L	1	0
G149M	1	0
G149N	1	0
G149P	1	0
G149Q	1	0
G149R	1	0
G149S	1	0
G149T	1	0
G149V	1	0
G149W	1	0
G149Y	1	0
S150A	1	0
S150C	1	0
S150D	1	0
S150E	1	0
S150F	1	0
S150G	1	0
S150H	1	0
S150I	1	0
S150K	1	0
S150L	1	0
S150M	1	0
S150N	1	0
S150P	1	0
S150Q	1	0
S150R	1	0
S150T	1	0
S150V	1	0
S150W	1	0
S150Y	1	0
L151A	1	0
L151C	1	0
L151D	1	0
L151E	1	0
L151F	1	0
L151G	1	0
L151H	1	0
L151I	1	0
L151K	1	0
L151M	1	0
L151N	1	0
L151P	1	0
L151Q	1	0
L151R	1	0
L151S	1	0
L151T	1	0
L151V	1	0
L151W	1	0
L151Y	1	0
D152A	1	0
D152C	1	0
D152E	1	0
D152F	1	0
D152G	1	0
D152H	1	0
D152I	1	0
D152K	1	0
D152L	1	0
D152M	1	0
D152N	1	0
D152P	1	0
D152Q	1	0
D152R	1	0
D152S	1	0
D152T	1	0
D152V	1	0
D152W	1	0
D152Y	1	0
Q153A	1	0
Q153C	1	0
Q153D	1	0
Q153E	1	0
Q153F	1	0
Q153G	1	0
Q153H	1	0
Q153I	1	0
Q153K	1	0
Q153L	1	0
Q153M	1	0
Q153N	1	0
Q153P	1	0
Q153R	1	0
Q153S	1	0
Q153T	1	0
Q153V	1	0
Q153W	1	0
Q153Y	1	0
V154A	1	0
V154C	1	0
V154D	1	0
V154E	1	0
V154F	1	0
V154G	1	0
V154H	1	0
V154I	1	0
V154K	1	0
V154L	1	0
V154M	1	0
V154N	1	0
V154P	1	0
V154Q	1	0
V154R	1	0
V154S	1	0
V154T	1	0
V154W	1	0
V154Y	1	0
L155A	1	0
L155C	1	0
L155D	1	0
L155E	1	0
L155F	1	0
L155G	1	0
L155H	1	0
L155I	1	0
L155K	1	0
L155M	1	0
L155N	1	0
L155P	1	0
L155Q	1	0
L155R	1	0
L155S	1	0
L155T	1	0
L155V	1	0
L155W	1	0
L155Y	1	0
K156A	1	0
K156C	1	0
K156D	1	0
K156E	1	0
K156F	1	0
K156G	1	0
K156H	1	0
K156I	1	0
K156L	1	0
K156M	1	0
K156N	1	0
K156P	1	0
K156Q	1	0
K156R	1	0
K156S	1	0
K156T	1	0
K156V	1	0
K156W	1	0
K156Y	1	0
K157A	1	0
K157C	1	0
K157D	1	0
K157E	1	0
K157F	1	0
K157G	1	0
K157H	1	0
K157I	1	0
K157L	1	0
K157M	1	0
K157N	1	0
K157P	1	0
K157Q	1	0
K157R	1	0
K157S	1	0
K157T	1	0
K157V	1	0
K157W	1	0
K157Y	1	0
A158C	1	0
A158D	1	0
A158E	1	0
A158F	1	0
A158G	1	0
A158H	1	0
A158I	1	0
A158K	1	0
A158L	1	0
A158M	1	0
A158N	1	0
A158P	1	0
A158Q	1	0
A158R	1	0
A158S	1	0
A158T	1	0
A158V	1	0
A158W	1	0
A158Y	1	0
G159A	1	0
G159C	1	0
G159D	1	0
G159E	1	0
G159F	1	0
G159H	1	0
G159I	1	0
G159K	1	0
G159L	1	0
G159M	1	0
G159N	1	0
G159P	1	0
G159Q	1	0
G159R	1	0
G159S	1	0
G159T	1	0
G159V	1	0
G159W	1	0
G159Y	1	0
R160A	1	0
R160C	1	0
R160D	1	0
R160E	1	0
R160F	1	0
R160G	1	0
R160H	1	0
R160I	1	0
R160K	1	0
R160L	1	0
R160M	1	0
R160N	1	0
R160P	1	0
R160Q	1	0
R160S	1	0
R160T	1	0
R160V	1	0
R160W	1	0
R160Y	1	0
I161A	1	0
I161C	1	0
I161D	1	0
I161E	1	0
I161F	1	0
I161G	1	0
I161H	1	0
I161K	1	0
I161L	1	0
I161M	1	0
I161N	1	0
I161P	1	0
I161Q	1	0
I161R	1	0
I161S	1	0
I161T	1	0
I161V	1	0
I161W	1	0
I161Y	1	0
P162A	1	0
P162C	1	0
P162D	1	0
P162E	1	0
P162F	1	0
P162G	1	0
P162H	1	0
P162I	1	0
P162K	1	0
P162L	1	0
P162M	1	0
P162N	1	0
P162Q	1	0
P162R	1	0
P162S	1	0
P162T	1	0
P162V	1	0
P162W	1	0
P162Y	1	0
E163A	1	0
E163C	1	0
E163D	1	0
E163F	1	0
E163G	1	0
E163H	1	0
E163I	1	0
E163K	1	0
E163L	1	0
E163M	1	0
E163N	1	0
E163P	1	0
E163Q	1	0
E163R	1	0
E163S	1	0
E163T	1	0
E163V	1	0
E163W	1	0
E163Y	1	0
Q164A	1	0
Q164C	1	0
Q164D	1	0
Q164E	1	0
Q164F	1	0
Q164G	1	0
Q164H	1	0
Q164I	1	0
Q164K	1	0
Q164L	1	0
Q164M	1	0
Q164N	1	0
Q164P	1	0
Q164R	1	0
Q164S	1	0
Q164T	1	0
Q164V	1	0
Q164W	1	0
Q164Y	1	0
I165A	1	0
I165C	1	0
I165D	1	0
I165E	1	0
I165F	1	0
I165G	1	0
I165H	1	0
I165K	1	0
I165L	1	0
I165M	1	0
I165N	1	0
I165P	1	0
I165Q	1	0
I165R	1	0
I165S	1	0
I165T	1	0
I165V	1	0
I165W	1	0
I165Y	1	0
L166A	1	0
L166C	1	0
L166D	1	0
L166E	1	0
L166F	1	0
L166G	1	0
L166H	1	0
L166I	1	0
L166K	1	0
L166M	1	0
L166N	1	0
L166P	1	0
L166Q	1	0
L166R	1	0
L166S	1	0
L166T	1	0
L166V	1	0
L166W	1	0
L166Y	1	0
G167A	1	0
G167C	1	0
G167D	1	0
G167E	1	0
G167F	1	0
G167H	1	0
G167I	1	0
G167K	1	0
G167L	1	0
G167M	1	0
G167N	1	0
G167P	1	0
G167Q	1	0
G167R	1	0
G167S	1	0
G167T	1	0
G167V	1	0
G167W	1	0
G167Y	1	0
K168A	1	0
K168C	1	0
K168D	1	0
K168E	1	0
K168F	1	0
K168G	1	0
K168H	1	0
K168I	1	0
K168L	1	0
K168M	1	0
K168N	1	0
K168P	1	0
K168Q	1	0
K168R	1	0
K168S	1	0
K168T	1	0
K168V	1	0
K168W	1	0
K168Y	1	0
V169A	1	0
V169C	1	0
V169D	1	0
V169E	1	0
V169F	1	0
V169G	1	0
V169H	1	0
V169I	1	0
V169K	1	0
V169L	1	0
V169M	1	0
V169N	1	0
V169P	1	0
V169Q	1	0
V169R	1	0
V169S	1	0
V169T	1	0
V169W	1	0
V169Y	1	0
S170A	1	0
S170C	1	0
S170D	1	0
S170E	1	0
S170F	1	0
S170G	1	0
S170H	1	0
S170I	1	0
S170K	1	0
S170L	1	0
S170M	1	0
S170N	1	0
S170P	1	0
S170Q	1	0
S170R	1	0
S170T	1	0
S170V	1	0
S170W	1	0
S170Y	1	0
I171A	1	0
I171C	1	0
I171D	1	0
I171E	1	0
I171F	1	0
I171G	1	0
I171H	1	0
I171K	1	0
I171L	1	0
I171M	1	0
I171N	1	0
I171P	1	0
I171Q	1	0
I171R	1	0
I171S	1	0
I171T	1	0
I171V	1	0
I171W	1	0
I171Y	1	0
A172C	1	0
A172D	1	0
A172E	1	0
A172F	1	0
A172G	1	0
A172H	1	0
A172I	1	0
A172K	1	0
A172L	1	0
A172M	1	0
A172N	1	0
A172P	1	0
A172Q	1	0
A172R	1	0
A172S	1	0
A172T	1	0
A172V	1	0
A172W	1	0
A172Y	1	0
V173A	1	0
V173C	1	0
V173D	1	0
V173E	1	0
V173F	1	0
V173G	1	0
V173H	1	0
V173I	1	0
V173K	1	0
V173L	1	0
V173M	1	0
V173N	1	0
V173P	1	0
V173Q	1	0
V173R	1	0
V173S	1	0
V173T	1	0
V173W	1	0
V173Y	1	0
I174A	1	0
I174C	1	0
I174D	1	0
I174E	1	0
I174F	1	0
I174G	1	0
I174H	1	0
I174K	1	0
I174L	1	0
I174M	1	0
I174N	1	0
I174P	1	0
I174Q	1	0
I174R	1	0
I174S	1	0
I174T	1	0
I174V	1	0
I174W	1	0
I174Y	1	0
K175A	1	0
K175C	1	0
K175D	1	0
K175E	1	0
K175F	1	0
K175G	1	0
K175H	1	0
K175I	1	0
K175L	1	0
K175M	1	0
K175N	1	0
K175P	1	0
K175Q	1	0
K175R	1	0
K175S	1	0
K175T	1	0
K175V	1	0
K175W	1	0
K175Y	1	0
G176A	1	0
G176C	1	0
G176D	1	0
G176E	1	0
G176F	1	0
G176H	1	0
G176I	1	0
G176K	1	0
G176L	1	0
G176M	1	0
G176N	1	0
G176P	1	0
G176Q	1	0
G176R	1	0
G176S	1	0
G176T	1	0
G176V	1	0
G176W	1	0
G176Y	1	0
L177A	1	0
L177C	1	0
L177D	1	0
L177E	1	0
L177F	1	0
L177G	1	0
L177H	1	0
L177I	1	0
L177K	1	0
L177M	1	0
L177N	1	0
L177P	1	0
L177Q	1	0
L177R	1	0
L177S	1	0
L177T	1	0
L177V	1	0
L177W	1	0
L177Y	1	0
T178A	1	0
T178C	1	0
T178D	1	0
T178E	1	0
T178F	1	0
T178G	1	0
T178H	1	0
T178I	1	0
T178K	1	0
T178L	1	0
T178M	1	0
T178N	1	0
T178P	1	0
T178Q	1	0
T178R	1	0
T178S	1	0
T178V	1	0
T178W	1	0
T178Y	1	0
Y179A	1	0
Y179C	1	0
Y179D	1	0
Y179E	1	0
Y179F	1	0
Y179G	1	0
Y179H	1	0
Y179I	1	0
Y179K	1	0
Y179L	1	0
Y179M	1	0
Y179N	1	0
Y179P	1	0
Y179Q	1	0
Y179R	1	0
Y179S	1	0
Y179T	1	0
Y179V	1	0
Y179W	1	0
L180A	1	0
L180C	1	0
L180D	1	0
L180E	1	0
L180F	1	0
L180G	1	0
L180H	1	0
L180I	1	0
L180K	1	0
L180M	1	0
L180N	1	0
L180P	1	0
L180Q	1	0
L180R	1	0
L180S	1	0
L180T	1	0
L180V	1	0
L180W	1	0
L180Y	1	0
R181A	1	0
R181C	1	0
R181D	1	0
R181E	1	0
R181F	1	0
R181G	1	0
R181H	1	0
R181I	1	0
R181K	1	0
R181L	1	0
R181M	1	0
R181N	1	0
R181P	1	0
R181Q	1	0
R181S	1	0
R181T	1	0
R181V	1	0
R181W	1	0
R181Y	1	0
E182A	1	0
E182C	1	0
E182D	1	0
E182F	1	0
E182G	1	0
E182H	1	0
E182I	1	0
E182K	1	0
E182L	1	0
E182M	1	0
E182N	1	0
E182P	1	0
E182Q	1	0
E182R	1	0
E182S	1	0
E182T	1	0
E182V	1	0
E182W	1	0
E182Y	1	0
K183A	1	0
K183C	1	0
K183D	1	0
K183E	1	0
K183F	1	0
K183G	1	0
K183H	1	0
K183I	1	0
K183L	1	0
K183M	1	0
K183N	1	0
K183P	1	0
K183Q	1	0
K183R	1	0
K183S	1	0
K183T	1	0
K183V	1	0
K183W	1	0
K183Y	1	0
H184A	1	0
H184C	1	0
H184D	1	0
H184E	1	0
H184F	1	0
H184G	1	0
H184I	1	0
H184K	1	0
H184L	1	0
H184M	1	0
H184N	1	0
H184P	1	0
H184Q	1	0
H184R	1	0
H184S	1	0
H184T	1	0
H184V	1	0
H184W	1	0
H184Y	1	0
K185A	1	0
K185C	1	0
K185D	1	0
K185E	1	0
K185F	1	0
K185G	1	0
K185H	1	0
K185I	1	0
K185L	1	0
K185M	1	0
K185N	1	0
K185P	1	0
K185Q	1	0
K185R	1	0
K185S	1	0
K185T	1	0
K185V	1	0
K185W	1	0
K185Y	1	0
I186A	1	0
I186C	1	0
I186D	1	0
I186E	1	0
I186F	1	0
I186G	1	0
I186H	1	0
I186K	1	0
I186L	1	0
I186M	1	0
I186N	1	0
I186P	1	0
I186Q	1	0
I186R	1	0
I186S	1	0
I186T	1	0
I186V	1	0
I186W	1	0
I186Y	1	0
M187A	1	0
M187C	1	0
M187D	1	0
M187E	1	0
M187F	1	0
M187G	1	0
M187H	1	0
M187I	1	0
M187K	1	0
M187L	1	0
M187N	1	0
M187P	1	0
M187Q	1	0
M187R	1	0
M187S	1	0
M187T	1	0
M187V	1	0
M187W	1	0
M187Y	1	0
H188A	1	0
H188C	1	0
H188D	1	0
H188E	1	0
H188F	1	0
H188G	1	0
H188I	1	0
H188K	1	0
H188L	1	0
H188M	1	0
H188N	1	0
H188P	1	0
H188Q	1	0
H188R	1	0
H188S	1	0
H188T	1	0
H188V	1	0
H188W	1	0
H188Y	1	0
R189A	1	0
R189C	1	0
R189D	1	0
R189E	1	0
R189F	1	0
R189G	1	0
R189H	1	0
R189I	1	0
R189K	1	0
R189L	1	0
R189M	1	0
R189N	1	0
R189P	1	0
R189Q	1	0
R189S	1	0
R189T	1	0
R189V	1	0
R189W	1	0
R189Y	1	0
D190A	1	0
D190C	1	0
D190E	1	0
D190F	1	0
D190G	1	0
D190H	1	0
D190I	1	0
D190K	1	0
D190L	1	0
D190M	1	0
D190N	1	0
D190P	1	0
D190Q	1	0
D190R	1	0
D190S	1	0
D190T	1	0
D190V	1	0
D190W	1	0
D190Y	1	0
V191A	1	0
V191C	1	0
V191D	1	0
V191E	1	0
V191F	1	0
V191G	1	0
V191H	1	0
V191I	1	0
V191K	1	0
V191L	1	0
V191M	1	0
V191N	1	0
V191P	1	0
V191Q	1	0
V191R	1	0
V191S	1	0
V191T	1	0
V191W	1	0
V191Y	1	0
K192A	1	0
K192C	1	0
K192D	1	0
K192E	1	0
K192F	1	0
K192G	1	0
K192H	1	0
K192I	1	0
K192L	1	0
K192M	1	0
K192N	1	0
K192P	1	0
K192Q	1	0
K192R	1	0
K192S	1	0
K192T	1	0
K192V	1	0
K192W	1	0
K192Y	1	0
P193A	1	0
P193C	1	0
P193D	1	0
P193E	1	0
P193F	1	0
P193G	1	0
P193H	1	0
P193I	1	0
P193K	1	0
P193L	1	0
P193M	1	0
P193N	1	0
P193Q	1	0
P193R	1	0
P193S	1	0
P193T	1	0
P193V	1	0
P193W	1	0
P193Y	1	0
S194A	1	0
S194C	1	0
S194D	1	0
S194E	1	0
S194F	1	0
S194G	1	0
S194H	1	0
S194I	1	0
S194K	1	0
S194L	1	0
S194M	1	0
S194N	1	0
S194P	1	0
S194Q	1	0
S194R	1	0
S194T	1	0
S194V	1	0
S194W	1	0
S194Y	1	0
N195A	1	0
N195C	1	0
N195D	1	0
N195E	1	0
N195F	1	0
N195G	1	0
N195H	1	0
N195I	1	0
N195K	1	0
N195L	1	0
N195M	1	0
N195P	1	0
N195Q	1	0
N195R	1	0
N195S	1	0
N195T	1	0
N195V	1	0
N195W	1	0
N195Y	1	0
I196A	1	0
I196C	1	0
I196D	1	0
I196E	1	0
I196F	1	0
I196G	1	0
I196H	1	0
I196K	1	0
I196L	1	0
I196M	1	0
I196N	1	0
I196P	1	0
I196Q	1	0
I196R	1	0
I196S	1	0
I196T	1	0
I196V	1	0
I196W	1	0
I196Y	1	0
L197A	1	0
L197C	1	0
L197D	1	0
L197E	1	0
L197F	1	0
L197G	1	0
L197H	1	0
L197I	1	0
L197K	1	0
L197M	1	0
L197N	1	0
L197P	1	0
L197Q	1	0
L197R	1	0
L197S	1	0
L197T	1	0
L197V	1	0
L197W	1	0
L197Y	1	0
V198A	1	0
V198C	1	0
V198D	1	0
V198E	1	0
V198F	1	0
V198G	1	0
V198H	1	0
V198I	1	0
V198K	1	0
V198L	1	0
V198M	1	0
V198N	1	0
V198P	1	0
V198Q	1	0
V198R	1	0
V198S	1	0
V198T	1	0
V198W	1	0
V198Y	1	0
N199A	1	0
N199C	1	0
N199D	1	0
N199E	1	0
N199F	1	0
N199G	1	0
N199H	1	0
N199I	1	0
N199K	1	0
N199L	1	0
N199M	1	0
N199P	1	0
N199Q	1	0
N199R	1	0
N199S	1	0
N199T	1	0
N199V	1	0
N199W	1	0
N199Y	1	0
S200A	1	0
S200C	1	0
S200D	1	0
S200E	1	0
S200F	1	0
S200G	1	0
S200H	1	0
S200I	1	0
S200K	1	0
S200L	1	0
S200M	1	0
S200N	1	0
S200P	1	0
S200Q	1	0
S200R	1	0
S200T	1	0
S200V	1	0
S200W	1	0
S200Y	1	0
R201A	1	0
R201C	1	0
R201D	1	0
R201E	1	0
R201F	1	0
R201G	1	0
R201H	1	0
R201I	1	0
R201K	1	0
R201L	1	0
R201M	1	0
R201N	1	0
R201P	1	0
R201Q	1	0
R201S	1	0
R201T	1	0
R201V	1	0
R201W	1	0
R201Y	1	0
G202A	1	0
G202C	1	0
G202D	1	0
G202E	1	0
G202F	1	0
G202H	1	0
G202I	1	0
G202K	1	0
G202L	1	0
G202M	1	0
G202N	1	0
G202P	1	0
G202Q	1	0
G202R	1	0
G202S	1	0
G202T	1	0
G202V	1	0
G202W	1	0
G202Y	1	0
E203A	1	0
E203C	1	0
E203D	1	0
E203F	1	0
E203G	1	0
E203H	1	0
E203I	1	0
E203K	1	0
E203L	1	0
E203M	1	0
E203N	1	0
E203P	1	0
E203Q	1	0
E203R	1	0
E203S	1	0
E203T	1	0
E203V	1	0
E203W	1	0
E203Y	1	0
I204A	1	0
I204C	1	0
I204D	1	0
I204E	1	0
I204F	1	0
I204G	1	0
I204H	1	0
I204K	1	0
I204L	1	0
I204M	1	0
I204N	1	0
I204P	1	0
I204Q	1	0
I204R	1	0
I204S	1	0
I204T	1	0
I204V	1	0
I204W	1	0
I204Y	1	0
K205A	1	0
K205C	1	0
K205D	1	0
K205E	1	0
K205F	1	0
K205G	1	0
K205H	1	0
K205I	1	0
K205L	1	0
K205M	1	0
K205N	1	0
K205P	1	0
K205Q	1	0
K205R	1	0
K205S	1	0
K205T	1	0
K205V	1	0
K205W	1	0
K205Y	1	0
L206A	1	0
L206C	1	0
L206D	1	0
L206E	1	0
L206F	1	0
L206G	1	0
L206H	1	0
L206I	1	0
L206K	1	0
L206M	1	0
L206N	1	0
L206P	1	0
L206Q	1	0
L206R	1	0
L206S	1	0
L206T	1	0
L206V	1	0
L206W	1	0
L206Y	1	0
C207A	1	0
C207D	1	0
C207E	1	0
C207F	1	0
C207G	1	0
C207H	1	0
C207I	1	0
C207K	1	0
C207L	1	0
C207M	1	0
C207N	1	0
C207P	1	0
C207Q	1	0
C207R	1	0
C207S	1	0
C207T	1	0
C207V	1	0
C207W	1	0
C207Y	1	0
D208A	1	0
D208C	1	0
D208E	1	0
D208F	1	0
D208G	1	0
D208H	1	0
D208I	1	0
D208K	1	0
D208L	1	0
D208M	1	0
D208N	1	0
D208P	1	0
D208Q	1	0
D208R	1	0
D208S	1	0
D208T	1	0
D208V	1	0
D208W	1	0
D208Y	1	0
F209A	1	0
F209C	1	0
F209D	1	0
F209E	1	0
F209G	1	0
F209H	1	0
F209I	1	0
F209K	1	0
F209L	1	0
F209M	1	0
F209N	1	0
F209P	1	0
F209Q	1	0
F209R	1	0
F209S	1	0
F209T	1	0
F209V	1	0
F209W	1	0
F209Y	1	0
G210A	1	0
G210C	1	0
G210D	1	0
G210E	1	0
G210F	1	0
G210H	1	0
G210I	1	0
G210K	1	0
G210L	1	0
G210M	1	0
G210N	1	0
G210P	1	0
G210Q	1	0
G210R	1	0
G210S	1	0
G210T	1	0
G210V	1	0
G210W	1	0
G210Y	1	0
V211A	1	0
V211C	1	0
V211D	1	0
V211E	1	0
V211F	1	0
V211G	1	0
V211H	1	0
V211I	1	0
V211K	1	0
V211L	1	0
V211M	1	0
V211N	1	0
V211P	1	0
V211Q	1	0
V211R	1	0
V211S	1	0
V211T	1	0
V211W	1	0
V211Y	1	0
S212A	1	0
S212C	1	0
S212D	1	0
S212E	1	0
S212F	1	0
S212G	1	0
S212H	1	0
S212I	1	0
S212K	1	0
S212L	1	0
S212M	1	0
S212N	1	0
S212P	1	0
S212Q	1	0
S212R	1	0
S212T	1	0
S212V	1	0
S212W	1	0
S212Y	1	0
G213A	1	0
G213C	1	0
G213D	1	0
G213E	1	0
G213F	1	0
G213H	1	0
G213I	1	0
G213K	1	0
G213L	1	0
G213M	1	0
G213N	1	0
G213P	1	0
G213Q	1	0
G213R	1	0
G213S	1	0
G213T	1	0
G213V	1	0
G213W	1	0
G213Y	1	0
Q214A	1	0
Q214C	1	0
Q214D	1	0
Q214E	1	0
Q214F	1	0
Q214G	1	0
Q214H	1	0
Q214I	1	0
Q214K	1	0
Q214L	1	0
Q214M	1	0
Q214N	1	0
Q214P	1	0
Q214R	1	0
Q214S	1	0
Q214T	1	0
Q214V	1	0
Q214W	1	0
Q214Y	1	0
L215A	1	0
L215C	1	0
L215D	1	0
L215E	1	0
L215F	1	0
L215G	1	0
L215H	1	0
L215I	1	0
L215K	1	0
L215M	1	0
L215N	1	0
L215P	1	0
L215Q	1	0
L215R	1	0
L215S	1	0
L215T	1	0
L215V	1	0
L215W	1	0
L215Y	1	0
I216A	1	0
I216C	1	0
I216D	1	0
I216E	1	0
I216F	1	0
I216G	1	0
I216H	1	0
I216K	1	0
I216L	1	0
I216M	1	0
I216N	1	0
I216P	1	0
I216Q	1	0
I216R	1	0
I216S	1	0
I216T	1	0
I216V	1	0
I216W	1	0
I216Y	1	0
D217A	1	0
D217C	1	0
D217E	1	0
D217F	1	0
D217G	1	0
D217H	1	0
D217I	1	0
D217K	1	0
D217L	1	0
D217M	1	0
D217N	1	0
D217P	1	0
D217Q	1	0
D217R	1	0
D217S	1	0
D217T	1	0
D217V	1	0
D217W	1	0
D217Y	1	0
S218A	1	0
S218C	1	0
S218D	1	0
S218E	1	0
S218F	1	0
S218G	1	0
S218H	1	0
S218I	1	0
S218K	1	0
S218L	1	0
S218M	1	0
S218N	1	0
S218P	1	0
S218Q	1	0
S218R	1	0
S218T	1	0
S218V	1	0
S218W	1	0
S218Y	1	0
M219A	1	0
M219C	1	0
M219D	1	0
M219E	1	0
M219F	1	0
M219G	1	0
M219H	1	0
M219I	1	0
M219K	1	0
M219L	1	0
M219N	1	0
M219P	1	0
M219Q	1	0
M219R	1	0
M219S	1	0
M219T	1	0
M219V	1	0
M219W	1	0
M219Y	1	0
A220C	1	0
A220D	1	0
A220E	1	0
A220F	1	0
A220G	1	0
A220H	1	0
A220I	1	0
A220K	1	0
A220L	1	0
A220M	1	0
A220N	1	0
A220P	1	0
A220Q	1	0
A220R	1	0
A220S	1	0
A220T	1	0
A220V	1	0
A220W	1	0
A220Y	1	0
N221A	1	0
N221C	1	0
N221D	1	0
N221E	1	0
N221F	1	0
N221G	1	0
N221H	1	0
N221I	1	0
N221K	1	0
N221L	1	0
N221M	1	0
N221P	1	0
N221Q	1	0
N221R	1	0
N221S	1	0
N221T	1	0
N221V	1	0
N221W	1	0
N221Y	1	0
S222A	1	0
S222C	1	0
S222D	1	0
S222E	1	0
S222F	1	0
S222G	1	0
S222H	1	0
S222I	1	0
S222K	1	0
S222L	1	0
S222M	1	0
S222N	1	0
S222P	1	0
S222Q	1	0
S222R	1	0
S222T	1	0
S222V	1	0
S222W	1	0
S222Y	1	0
F223A	1	0
F223C	1	0
F223D	1	0
F223E	1	0
F223G	1	0
F223H	1	0
F223I	1	0
F223K	1	0
F223L	1	0
F223M	1	0
F223N	1	0
F223P	1	0
F223Q	1	0
F223R	1	0
F223S	1	0
F223T	1	0
F223V	1	0
F223W	1	0
F223Y	1	0
V224A	1	0
V224C	1	0
V224D	1	0
V224E	1	0
V224F	1	0
V224G	1	0
V224H	1	0
V224I	1	0
V224K	1	0
V224L	1	0
V224M	1	0
V224N	1	0
V224P	1	0
V224Q	1	0
V224R	1	0
V224S	1	0
V224T	1	0
V224W	1	0
V224Y	1	0
G225A	1	0
G225C	1	0
G225D	1	0
G225E	1	0
G225F	1	0
G225H	1	0
G225I	1	0
G225K	1	0
G225L	1	0
G225M	1	0
G225N	1	0
G225P	1	0
G225Q	1	0
G225R	1	0
G225S	1	0
G225T	1	0
G225V	1	0
G225W	1	0
G225Y	1	0
T226A	1	0
T226C	1	0
T226D	1	0
T226E	1	0
T226F	1	0
T226G	1	0
T226H	1	0
T226I	1	0
T226K	1	0
T226L	1	0
T226M	1	0
T226N	1	0
T226P	1	0
T226Q	1	0
T226R	1	0
T226S	1	0
T226V	1	0
T226W	1	0
T226Y	1	0
R227A	1	0
R227C	1	0
R227D	1	0
R227E	1	0
R227F	1	0
R227G	1	0
R227H	1	0
R227I	1	0
R227K	1	0
R227L	1	0
R227M	1	0
R227N	1	0
R227P	1	0
R227Q	1	0
R227S	1	0
R227T	1	0
R227V	1	0
R227W	1	0
R227Y	1	0
S228A	1	0
S228C	1	0
S228D	1	0
S228E	1	0
S228F	1	0
S228G	1	0
S228H	1	0
S228I	1	0
S228K	1	0
S228L	1	0
S228M	1	0
S228N	1	0
S228P	1	0
S228Q	1	0
S228R	1	0
S228T	1	0
S228V	1	0
S228W	1	0
S228Y	1	0
Y229A	1	0
Y229C	1	0
Y229D	1	0
Y229E	1	0
Y229F	1	0
Y229G	1	0
Y229H	1	0
Y229I	1	0
Y229K	1	0
Y229L	1	0
Y229M	1	0
Y229N	1	0
Y229P	1	0
Y229Q	1	0
Y229R	1	0
Y229S	1	0
Y229T	1	0
Y229V	1	0
Y229W	1	0
M230A	1	0
M230C	1	0
M230D	1	0
M230E	1	0
M230F	1	0
M230G	1	0
M230H	1	0
M230I	1	0
M230K	1	0
M230L	1	0
M230N	1	0
M230P	1	0
M230Q	1	0
M230R	1	0
M230S	1	0
M230T	1	0
M230V	1	0
M230W	1	0
M230Y	1	0
S231A	1	0
S231C	1	0
S231D	1	0
S231E	1	0
S231F	1	0
S231G	1	0
S231H	1	0
S231I	1	0
S231K	1	0
S231L	1	0
S231M	1	0
S231N	1	0
S231P	1	0
S231Q	1	0
S231R	1	0
S231T	1	0
S231V	1	0
S231W	1	0
S231Y	1	0
P232A	1	0
P232C	1	0
P232D	1	0
P232E	1	0
P232F	1	0
P232G	1	0
P232H	1	0
P232I	1	0
P232K	1	0
P232L	1	0
P232M	1	0
P232N	1	0
P232Q	1	0
P232R	1	0
P232S	1	0
P232T	1	0
P232V	1	0
P232W	1	0
P232Y	1	0
E233A	1	0
E233C	1	0
E233D	1	0
E233F	1	0
E233G	1	0
E233H	1	0
E233I	1	0
E233K	1	0
E233L	1	0
E233M	1	0
E233N	1	0
E233P	1	0
E233Q	1	0
E233R	1	0
E233S	1	0
E233T	1	0
E233V	1	0
E233W	1	0
E233Y	1	0
R234A	1	0
R234C	1	0
R234D	1	0
R234E	1	0
R234F	1	0
R234G	1	0
R234H	1	0
R234I	1	0
R234K	1	0
R234L	1	0
R234M	1	0
R234N	1	0
R234P	1	0
R234Q	1	0
R234S	1	0
R234T	1	0
R234V	1	0
R234W	1	0
R234Y	1	0
L235A	1	0
L235C	1	0
L235D	1	0
L235E	1	0
L235F	1	0
L235G	1	0
L235H	1	0
L235I	1	0
L235K	1	0
L235M	1	0
L235N	1	0
L235P	1	0
L235Q	1	0
L235R	1	0
L235S	1	0
L235T	1	0
L235V	1	0
L235W	1	0
L235Y	1	0
Q236A	1	0
Q236C	1	0
Q236D	1	0
Q236E	1	0
Q236F	1	0
Q236G	1	0
Q236H	1	0
Q236I	1	0
Q236K	1	0
Q236L	1	0
Q236M	1	0
Q236N	1	0
Q236P	1	0
Q236R	1	0
Q236S	1	0
Q236T	1	0
Q236V	1	0
Q236W	1	0
Q236Y	1	0
G237A	1	0
G237C	1	0
G237D	1	0
G237E	1	0
G237F	1	0
G237H	1	0
G237I	1	0
G237K	1	0
G237L	1	0
G237M	1	0
G237N	1	0
G237P	1	0
G237Q	1	0
G237R	1	0
G237S	1	0
G237T	1	0
G237V	1	0
G237W	1	0
G237Y	1	0
T238A	1	0
T238C	1	0
T238D	1	0
T238E	1	0
T238F	1	0
T238G	1	0
T238H	1	0
T238I	1	0
T238K	1	0
T238L	1	0
T238M	1	0
T238N	1	0
T238P	1	0
T238Q	1	0
T238R	1	0
T238S	1	0
T238V	1	0
T238W	1	0
T238Y	1	0
H239A	1	0
H239C	1	0
H239D	1	0
H239E	1	0
H239F	1	0
H239G	1	0
H239I	1	0
H239K	1	0
H239L	1	0
H239M	1	0
H239N	1	0
H239P	1	0
H239Q	1	0
H239R	1	0
H239S	1	0
H239T	1	0
H239V	1	0
H239W	1	0
H239Y	1	0
Y240A	1	0
Y240C	1	0
Y240D	1	0
Y240E	1	0
Y240F	1	0
Y240G	1	0
Y240H	1	0
Y240I	1	0
Y240K	1	0
Y240L	1	0
Y240M	1	0
Y240N	1	0
Y240P	1	0
Y240Q	1	0
Y240R	1	0
Y240S	1	0
Y240T	1	0
Y240V	1	0
Y240W	1	0
S241A	1	0
S241C	1	0
S241D	1	0
S241E	1	0
S241F	1	0
S241G	1	0
S241H	1	0
S241I	1	0
S241K	1	0
S241L	1	0
S241M	1	0
S241N	1	0
S241P	1	0
S241Q	1	0
S241R	1	0
S241T	1	0
S241V	1	0
S241W	1	0
S241Y	1	0
V242A	1	0
V242C	1	0
V242D	1	0
V242E	1	0
V242F	1	0
V242G	1	0
V242H	1	0
V242I	1	0
V242K	1	0
V242L	1	0
V242M	1	0
V242N	1	0
V242P	1	0
V242Q	1	0
V242R	1	0
V242S	1	0
V242T	1	0
V242W	1	0
V242Y	1	0
Q243A	1	0
Q243C	1	0
Q243D	1	0
Q243E	1	0
Q243F	1	0
Q243G	1	0
Q243H	1	0
Q243I	1	0
Q243K	1	0
Q243L	1	0
Q243M	1	0
Q243N	1	0
Q243P	1	0
Q243R	1	0
Q243S	1	0
Q243T	1	0
Q243V	1	0
Q243W	1	0
Q243Y	1	0
S244A	1	0
S244C	1	0
S244D	1	0
S244E	1	0
S244F	1	0
S244G	1	0
S244H	1	0
S244I	1	0
S244K	1	0
S244L	1	0
S244M	1	0
S244N	1	0
S244P	1	0
S244Q	1	0
S244R	1	0
S244T	1	0
S244V	1	0
S244W	1	0
S244Y	1	0
D245A	1	0
D245C	1	0
D245E	1	0
D245F	1	0
D245G	1	0
D245H	1	0
D245I	1	0
D245K	1	0
D245L	1	0
D245M	1	0
D245N	1	0
D245P	1	0
D245Q	1	0
D245R	1	0
D245S	1	0
D245T	1	0
D245V	1	0
D245W	1	0
D245Y	1	0
I246A	1	0
I246C	1	0
I246D	1	0
I246E	1	0
I246F	1	0
I246G	1	0
I246H	1	0
I246K	1	0
I246L	1	0
I246M	1	0
I246N	1	0
I246P	1	0
I246Q	1	0
I246R	1	0
I246S	1	0
I246T	1	0
I246V	1	0
I246W	1	0
I246Y	1	0
W247A	1	0
W247C	1	0
W247D	1	0
W247E	1	0
W247F	1	0
W247G	1	0
W247H	1	0
W247I	1	0
W247K	1	0
W247L	1	0
W247M	1	0
W247N	1	0
W247P	1	0
W247Q	1	0
W247R	1	0
W247S	1	0
W247T	1	0
W247V	1	0
W247Y	1	0
S248A	1	0
S248C	1	0
S248D	1	0
S248E	1	0
S248F	1	0
S248G	1	0
S248H	1	0
S248I	1	0
S248K	1	0
S248L	1	0
S248M	1	0
S248N	1	0
S248P	1	0
S248Q	1	0
S248R	1	0
S248T	1	0
S248V	1	0
S248W	1	0
S248Y	1	0
M249A	1	0
M249C	1	0
M249D	1	0
M249E	1	0
M249F	1	0
M249G	1	0
M249H	1	0
M249I	1	0
M249K	1	0
M249L	1	0
M249N	1	0
M249P	1	0
M249Q	1	0
M249R	1	0
M249S	1	0
M249T	1	0
M249V	1	0
M249W	1	0
M249Y	1	0
G250A	1	0
G250C	1	0
G250D	1	0
G250E	1	0
G250F	1	0
G250H	1	0
G250I	1	0
G250K	1	0
G250L	1	0
G250M	1	0
G250N	1	0
G250P	1	0
G250Q	1	0
G250R	1	0
G250S	1	0
G250T	1	0
G250V	1	0
G250W	1	0
G250Y	1	0
L251A	1	0
L251C	1	0
L251D	1	0
L251E	1	0
L251F	1	0
L251G	1	0
L251H	1	0
L251I	1	0
L251K	1	0
L251M	1	0
L251N	1	0
L251P	1	0
L251Q	1	0
L251R	1	0
L251S	1	0
L251T	1	0
L251V	1	0
L251W	1	0
L251Y	1	0
S252A	1	0
S252C	1	0
S252D	1	0
S252E	1	0
S252F	1	0
S252G	1	0
S252H	1	0
S252I	1	0
S252K	1	0
S252L	1	0
S252M	1	0
S252N	1	0
S252P	1	0
S252Q	1	0
S252R	1	0
S252T	1	0
S252V	1	0
S252W	1	0
S252Y	1	0
L253A	1	0
L253C	1	0
L253D	1	0
L253E	1	0
L253F	1	0
L253G	1	0
L253H	1	0
L253I	1	0
L253K	1	0
L253M	1	0
L253N	1	0
L253P	1	0
L253Q	1	0
L253R	1	0
L253S	1	0
L253T	1	0
L253V	1	0
L253W	1	0
L253Y	1	0
V254A	1	0
V254C	1	0
V254D	1	0
V254E	1	0
V254F	1	0
V254G	1	0
V254H	1	0
V254I	1	0
V254K	1	0
V254L	1	0
V254M	1	0
V254N	1	0
V254P	1	0
V254Q	1	0
V254R	1	0
V254S	1	0
V254T	1	0
V254W	1	0
V254Y	1	0
E255A	1	0
E255C	1	0
E255D	1	0
E255F	1	0
E255G	1	0
E255H	1	0
E255I	1	0
E255K	1	0
E255L	1	0
E255M	1	0
E255N	1	0
E255P	1	0
E255Q	1	0
E255R	1	0
E255S	1	0
E255T	1	0
E255V	1	0
E255W	1	0
E255Y	1	0
M256A	1	0
M256C	1	0
M256D	1	0
M256E	1	0
M256F	1	0
M256G	1	0
M256H	1	0
M256I	1	0
M256K	1	0
M256L	1	0
M256N	1	0
M256P	1	0
M256Q	1	0
M256R	1	0
M256S	1	0
M256T	1	0
M256V	1	0
M256W	1	0
M256Y	1	0
A257C	1	0
A257D	1	0
A257E	1	0
A257F	1	0
A257G	1	0
A257H	1	0
A257I	1	0
A257K	1	0
A257L	1	0
A257M	1	0
A257N	1	0
A257P	1	0
A257Q	1	0
A257R	1	0
A257S	1	0
A257T	1	0
A257V	1	0
A257W	1	0
A257Y	1	0
V258A	1	0
V258C	1	0
V258D	1	0
V258E	1	0
V258F	1	0
V258G	1	0
V258H	1	0
V258I	1	0
V258K	1	0
V258L	1	0
V258M	1	0
V258N	1	0
V258P	1	0
V258Q	1	0
V258R	1	0
V258S	1	0
V258T	1	0
V258W	1	0
V258Y	1	0
G259A	1	0
G259C	1	0
G259D	1	0
G259E	1	0
G259F	1	0
G259H	1	0
G259I	1	0
G259K	1	0
G259L	1	0
G259M	1	0
G259N	1	0
G259P	1	0
G259Q	1	0
G259R	1	0
G259S	1	0
G259T	1	0
G259V	1	0
G259W	1	0
G259Y	1	0
R260A	1	0
R260C	1	0
R260D	1	0
R260E	1	0
R260F	1	0
R260G	1	0
R260H	1	0
R260I	1	0
R260K	1	0
R260L	1	0
R260M	1	0
R260N	1	0
R260P	1	0
R260Q	1	0
R260S	1	0
R260T	1	0
R260V	1	0
R260W	1	0
R260Y	1	0
Y261A	1	0
Y261C	1	0
Y261D	1	0
Y261E	1	0
Y261F	1	0
Y261G	1	0
Y261H	1	0
Y261I	1	0
Y261K	1	0
Y261L	1	0
Y261M	1	0
Y261N	1	0
Y261P	1	0
Y261Q	1	0
Y261R	1	0
Y261S	1	0
Y261T	1	0
Y261V	1	0
Y261W	1	0
P262A	1	0
P262C	1	0
P262D	1	0
P262E	1	0
P262F	1	0
P262G	1	0
P262H	1	0
P262I	1	0
P262K	1	0
P262L	1	0
P262M	1	0
P262N	1	0
P262Q	1	0
P262R	1	0
P262S	1	0
P262T	1	0
P262V	1	0
P262W	1	0
P262Y	1	0
I263A	1	0
I263C	1	0
I263D	1	0
I263E	1	0
I263F	1	0
I263G	1	0
I263H	1	0
I263K	1	0
I263L	1	0
I263M	1	0
I263N	1	0
I263P	1	0
I263Q	1	0
I263R	1	0
I263S	1	0
I263T	1	0
I263V	1	0
I263W	1	0
I263Y	1	0
P264A	1	0
P264C	1	0
P264D	1	0
P264E	1	0
P264F	1	0
P264G	1	0
P264H	1	0
P264I	1	0
P264K	1	0
P264L	1	0
P264M	1	0
P264N	1	0
P264Q	1	0
P264R	1	0
P264S	1	0
P264T	1	0
P264V	1	0
P264W	1	0
P264Y	1	0
P265A	1	0
P265C	1	0
P265D	1	0
P265E	1	0
P265F	1	0
P265G	1	0
P265H	1	0
P265I	1	0
P265K	1	0
P265L	1	0
P265M	1	0
P265N	1	0
P265Q	1	0
P265R	1	0
P265S	1	0
P265T	1	0
P265V	1	0
P265W	1	0
P265Y	1	0
P266A	1	0
P266C	1	0
P266D	1	0
P266E	1	0
P266F	1	0
P266G	1	0
P266H	1	0
P266I	1	0
P266K	1	0
P266L	1	0
P266M	1	0
P266N	1	0
P266Q	1	0
P266R	1	0
P266S	1	0
P266T	1	0
P266V	1	0
P266W	1	0
P266Y	1	0
D267A	1	0
D267C	1	0
D267E	1	0
D267F	1	0
D267G	1	0
D267H	1	0
D267I	1	0
D267K	1	0
D267L	1	0
D267M	1	0
D267N	1	0
D267P	1	0
D267Q	1	0
D267R	1	0
D267S	1	0
D267T	1	0
D267V	1	0
D267W	1	0
D267Y	1	0
A268C	1	0
A268D	1	0
A268E	1	0
A268F	1	0
A268G	1	0
A268H	1	0
A268I	1	0
A268K	1	0
A268L	1	0
A268M	1	0
A268N	1	0
A268P	1	0
A268Q	1	0
A268R	1	0
A268S	1	0
A268T	1	0
A268V	1	0
A268W	1	0
A268Y	1	0
K269A	1	0
K269C	1	0
K269D	1	0
K269E	1	0
K269F	1	0
K269G	1	0
K269H	1	0
K269I	1	0
K269L	1	0
K269M	1	0
K269N	1	0
K269P	1	0
K269Q	1	0
K269R	1	0
K269S	1	0
K269T	1	0
K269V	1	0
K269W	1	0
K269Y	1	0
E270A	1	0
E270C	1	0
E270D	1	0
E270F	1	0
E270G	1	0
E270H	1	0
E270I	1	0
E270K	1	0
E270L	1	0
E270M	1	0
E270N	1	0
E270P	1	0
E270Q	1	0
E270R	1	0
E270S	1	0
E270T	1	0
E270V	1	0
E270W	1	0
E270Y	1	0
L271A	1	0
L271C	1	0
L271D	1	0
L271E	1	0
L271F	1	0
L271G	1	0
L271H	1	0
L271I	1	0
L271K	1	0
L271M	1	0
L271N	1	0
L271P	1	0
L271Q	1	0
L271R	1	0
L271S	1	0
L271T	1	0
L271V	1	0
L271W	1	0
L271Y	1	0
E272A	1	0
E272C	1	0
E272D	1	0
E272F	1	0
E272G	1	0
E272H	1	0
E272I	1	0
E272K	1	0
E272L	1	0
E272M	1	0
E272N	1	0
E272P	1	0
E272Q	1	0
E272R	1	0
E272S	1	0
E272T	1	0
E272V	1	0
E272W	1	0
E272Y	1	0
L273A	1	0
L273C	1	0
L273D	1	0
L273E	1	0
L273F	1	0
L273G	1	0
L273H	1	0
L273I	1	0
L273K	1	0
L273M	1	0
L273N	1	0
L273P	1	0
L273Q	1	0
L273R	1	0
L273S	1	0
L273T	1	0
L273V	1	0
L273W	1	0
L273Y	1	0
M274A	1	0
M274C	1	0
M274D	1	0
M274E	1	0
M274F	1	0
M274G	1	0
M274H	1	0
M274I	1	0
M274K	1	0
M274L	1	0
M274N	1	0
M274P	1	0
M274Q	1	0
M274R	1	0
M274S	1	0
M274T	1	0
M274V	1	0
M274W	1	0
M274Y	1	0
F275A	1	0
F275C	1	0
F275D	1	0
F275E	1	0
F275G	1	0
F275H	1	0
F275I	1	0
F275K	1	0
F275L	1	0
F275M	1	0
F275N	1	0
F275P	1	0
F275Q	1	0
F275R	1	0
F275S	1	0
F275T	1	0
F275V	1	0
F275W	1	0
F275Y	1	0
G276A	1	0
G276C	1	0
G276D	1	0
G276E	1	0
G276F	1	0
G276H	1	0
G276I	1	0
G276K	1	0
G276L	1	0
G276M	1	0
G276N	1	0
G276P	1	0
G276Q	1	0
G276R	1	0
G276S	1	0
G276T	1	0
G276V	1	0
G276W	1	0
G276Y	1	0
C277A	1	0
C277D	1	0
C277E	1	0
C277F	1	0
C277G	1	0
C277H	1	0
C277I	1	0
C277K	1	0
C277L	1	0
C277M	1	0
C277N	1	0
C277P	1	0
C277Q	1	0
C277R	1	0
C277S	1	0
C277T	1	0
C277V	1	0
C277W	1	0
C277Y	1	0
Q278A	1	0
Q278C	1	0
Q278D	1	0
Q278E	1	0
Q278F	1	0
Q278G	1	0
Q278H	1	0
Q278I	1	0
Q278K	1	0
Q278L	1	0
Q278M	1	0
Q278N	1	0
Q278P	1	0
Q278R	1	0
Q278S	1	0
Q278T	1	0
Q278V	1	0
Q278W	1	0
Q278Y	1	0
V279A	1	0
V279C	1	0
V279D	1	0
V279E	1	0
V279F	1	0
V279G	1	0
V279H	1	0
V279I	1	0
V279K	1	0
V279L	1	0
V279M	1	0
V279N	1	0
V279P	1	0
V279Q	1	0
V279R	1	0
V279S	1	0
V279T	1	0
V279W	1	0
V279Y	1	0
E280A	1	0
E280C	1	0
E280D	1	0
E280F	1	0
E280G	1	0
E280H	1	0
E280I	1	0
E280K	1	0
E280L	1	0
E280M	1	0
E280N	1	0
E280P	1	0
E280Q	1	0
E280R	1	0
E280S	1	0
E280T	1	0
E280V	1	0
E280W	1	0
E280Y	1	0
G281A	1	0
G281C	1	0
G281D	1	0
G281E	1	0
G281F	1	0
G281H	1	0
G281I	1	0
G281K	1	0
G281L	1	0
G281M	1	0
G281N	1	0
G281P	1	0
G281Q	1	0
G281R	1	0
G281S	1	0
G281T	1	0
G281V	1	0
G281W	1	0
G281Y	1	0
D282A	1	0
D282C	1	0
D282E	1	0
D282F	1	0
D282G	1	0
D282H	1	0
D282I	1	0
D282K	1	0
D282L	1	0
D282M	1	0
D282N	1	0
D282P	1	0
D282Q	1	0
D282R	1	0
D282S	1	0
D282T	1	0
D282V	1	0
D282W	1	0
D282Y	1	0
A283C	1	0
A283D	1	0
A283E	1	0
A283F	1	0
A283G	1	0
A283H	1	0
A283I	1	0
A283K	1	0
A283L	1	0
A283M	1	0
A283N	1	0
A283P	1	0
A283Q	1	0
A283R	1	0
A283S	1	0
A283T	1	0
A283V	1	0
A283W	1	0
A283Y	1	0
A284C	1	0
A284D	1	0
A284E	1	0
A284F	1	0
A284G	1	0
A284H	1	0
A284I	1	0
A284K	1	0
A284L	1	0
A284M	1	0
A284N	1	0
A284P	1	0
A284Q	1	0
A284R	1	0
A284S	1	0
A284T	1	0
A284V	1	0
A284W	1	0
A284Y	1	0
E285A	1	0
E285C	1	0
E285D	1	0
E285F	1	0
E285G	1	0
E285H	1	0
E285I	1	0
E285K	1	0
E285L	1	0
E285M	1	0
E285N	1	0
E285P	1	0
E285Q	1	0
E285R	1	0
E285S	1	0
E285T	1	0
E285V	1	0
E285W	1	0
E285Y	1	0
T286A	1	0
T286C	1	0
T286D	1	0
T286E	1	0
T286F	1	0
T286G	1	0
T286H	1	0
T286I	1	0
T286K	1	0
T286L	1	0
T286M	1	0
T286N	1	0
T286P	1	0
T286Q	1	0
T286R	1	0
T286S	1	0
T286V	1	0
T286W	1	0
T286Y	1	0
P287A	1	0
P287C	1	0
P287D	1	0
P287E	1	0
P287F	1	0
P287G	1	0
P287H	1	0
P287I	1	0
P287K	1	0
P287L	1	0
P287M	1	0
P287N	1	0
P287Q	1	0
P287R	1	0
P287S	1	0
P287T	1	0
P287V	1	0
P287W	1	0
P287Y	1	0
P288A	1	0
P288C	1	0
P288D	1	0
P288E	1	0
P288F	1	0
P288G	1	0
P288H	1	0
P288I	1	0
P288K	1	0
P288L	1	0
P288M	1	0
P288N	1	0
P288Q	1	0
P288R	1	0
P288S	1	0
P288T	1	0
P288V	1	0
P288W	1	0
P288Y	1	0
R289A	1	0
R289C	1	0
R289D	1	0
R289E	1	0
R289F	1	0
R289G	1	0
R289H	1	0
R289I	1	0
R289K	1	0
R289L	1	0
R289M	1	0
R289N	1	0
R289P	1	0
R289Q	1	0
R289S	1	0
R289T	1	0
R289V	1	0
R289W	1	0
R289Y	1	0
P290A	1	0
P290C	1	0
P290D	1	0
P290E	1	0
P290F	1	0
P290G	1	0
P290H	1	0
P290I	1	0
P290K	1	0
P290L	1	0
P290M	1	0
P290N	1	0
P290Q	1	0
P290R	1	0
P290S	1	0
P290T	1	0
P290V	1	0
P290W	1	0
P290Y	1	0
R291A	1	0
R291C	1	0
R291D	1	0
R291E	1	0
R291F	1	0
R291G	1	0
R291H	1	0
R291I	1	0
R291K	1	0
R291L	1	0
R291M	1	0
R291N	1	0
R291P	1	0
R291Q	1	0
R291S	1	0
R291T	1	0
R291V	1	0
R291W	1	0
R291Y	1	0
T292A	1	0
T292C	1	0
T292D	1	0
T292E	1	0
T292F	1	0
T292G	1	0
T292H	1	0
T292I	1	0
T292K	1	0
T292L	1	0
T292M	1	0
T292N	1	0
T292P	1	0
T292Q	1	0
T292R	1	0
T292S	1	0
T292V	1	0
T292W	1	0
T292Y	1	0
P293A	1	0
P293C	1	0
P293D	1	0
P293E	1	0
P293F	1	0
P293G	1	0
P293H	1	0
P293I	1	0
P293K	1	0
P293L	1	0
P293M	1	0
P293N	1	0
P293Q	1	0
P293R	1	0
P293S	1	0
P293T	1	0
P293V	1	0
P293W	1	0
P293Y	1	0
G294A	1	0
G294C	1	0
G294D	1	0
G294E	1	0
G294F	1	0
G294H	1	0
G294I	1	0
G294K	1	0
G294L	1	0
G294M	1	0
G294N	1	0
G294P	1	0
G294Q	1	0
G294R	1	0
G294S	1	0
G294T	1	0
G294V	1	0
G294W	1	0
G294Y	1	0
R295A	1	0
R295C	1	0
R295D	1	0
R295E	1	0
R295F	1	0
R295G	1	0
R295H	1	0
R295I	1	0
R295K	1	0
R295L	1	0
R295M	1	0
R295N	1	0
R295P	1	0
R295Q	1	0
R295S	1	0
R295T	1	0
R295V	1	0
R295W	1	0
R295Y	1	0
P296A	1	0
P296C	1	0
P296D	1	0
P296E	1	0
P296F	1	0
P296G	1	0
P296H	1	0
P296I	1	0
P296K	1	0
P296L	1	0
P296M	1	0
P296N	1	0
P296Q	1	0
P296R	1	0
P296S	1	0
P296T	1	0
P296V	1	0
P296W	1	0
P296Y	1	0
L297A	1	0
L297C	1	0
L297D	1	0
L297E	1	0
L297F	1	0
L297G	1	0
L297H	1	0
L297I	1	0
L297K	1	0
L297M	1	0
L297N	1	0
L297P	1	0
L297Q	1	0
L297R	1	0
L297S	1	0
L297T	1	0
L297V	1	0
L297W	1	0
L297Y	1	0
S298A	1	0
S298C	1	0
S298D	1	0
S298E	1	0
S298F	1	0
S298G	1	0
S298H	1	0
S298I	1	0
S298K	1	0
S298L	1	0
S298M	1	0
S298N	1	0
S298P	1	0
S298Q	1	0
S298R	1	0
S298T	1	0
S298V	1	0
S298W	1	0
S298Y	1	0
S299A	1	0
S299C	1	0
S299D	1	0
S299E	1	0
S299F	1	0
S299G	1	0
S299H	1	0
S299I	1	0
S299K	1	0
S299L	1	0
S299M	1	0
S299N	1	0
S299P	1	0
S299Q	1	0
S299R	1	0
S299T	1	0
S299V	1	0
S299W	1	0
S299Y	1	0
Y300A	1	0
Y300C	1	0
Y300D	1	0
Y300E	1	0
Y300F	1	0
Y300G	1	0
Y300H	1	0
Y300I	1	0
Y300K	1	0
Y300L	1	0
Y300M	1	0
Y300N	1	0
Y300P	1	0
Y300Q	1	0
Y300R	1	0
Y300S	1	0
Y300T	1	0
Y300V	1	0
Y300W	1	0
G301A	1	0
G301C	1	0
G301D	1	0
G301E	1	0
G301F	1	0
G301H	1	0
G301I	1	0
G301K	1	0
G301L	1	0
G301M	1	0
G301N	1	0
G301P	1	0
G301Q	1	0
G301R	1	0
G301S	1	0
G301T	1	0
G301V	1	0
G301W	1	0
G301Y	1	0
M302A	1	0
M302C	1	0
M302D	1	0
M302E	1	0
M302F	1	0
M302G	1	0
M302H	1	0
M302I	1	0
M302K	1	0
M302L	1	0
M302N	1	0
M302P	1	0
M302Q	1	0
M302R	1	0
M302S	1	0
M302T	1	0
M302V	1	0
M302W	1	0
M302Y	1	0
D303A	1	0
D303C	1	0
D303E	1	0
D303F	1	0
D303G	1	0
D303H	1	0
D303I	1	0
D303K	1	0
D303L	1	0
D303M	1	0
D303N	1	0
D303P	1	0
D303Q	1	0
D303R	1	0
D303S	1	0
D303T	1	0
D303V	1	0
D303W	1	0
D303Y	1	0
S304A	1	0
S304C	1	0
S304D	1	0
S304E	1	0
S304F	1	0
S304G	1	0
S304H	1	0
S304I	1	0
S304K	1	0
S304L	1	0
S304M	1	0
S304N	1	0
S304P	1	0
S304Q	1	0
S304R	1	0
S304T	1	0
S304V	1	0
S304W	1	0
S304Y	1	0
R305A	1	0
R305C	1	0
R305D	1	0
R305E	1	0
R305F	1	0
R305G	1	0
R305H	1	0
R305I	1	0
R305K	1	0
R305L	1	0
R305M	1	0
R305N	1	0
R305P	1	0
R305Q	1	0
R305S	1	0
R305T	1	0
R305V	1	0
R305W	1	0
R305Y	1	0
P306A	1	0
P306C	1	0
P306D	1	0
P306E	1	0
P306F	1	0
P306G	1	0
P306H	1	0
P306I	1	0
P306K	1	0
P306L	1	0
P306M	1	0
P306N	1	0
P306Q	1	0
P306R	1	0
P306S	1	0
P306T	1	0
P306V	1	0
P306W	1	0
P306Y	1	0
P307A	1	0
P307C	1	0
P307D	1	0
P307E	1	0
P307F	1	0
P307G	1	0
P307H	1	0
P307I	1	0
P307K	1	0
P307L	1	0
P307M	1	0
P307N	1	0
P307Q	1	0
P307R	1	0
P307S	1	0
P307T	1	0
P307V	1	0
P307W	1	0
P307Y	1	0
M308A	1	0
M308C	1	0
M308D	1	0
M308E	1	0
M308F	1	0
M308G	1	0
M308H	1	0
M308I	1	0
M308K	1	0
M308L	1	0
M308N	1	0
M308P	1	0
M308Q	1	0
M308R	1	0
M308S	1	0
M308T	1	0
M308V	1	0
M308W	1	0
M308Y	1	0
A309C	1	0
A309D	1	0
A309E	1	0
A309F	1	0
A309G	1	0
A309H	1	0
A309I	1	0
A309K	1	0
A309L	1	0
A309M	1	0
A309N	1	0
A309P	1	0
A309Q	1	0
A309R	1	0
A309S	1	0
A309T	1	0
A309V	1	0
A309W	1	0
A309Y	1	0
I310A	1	0
I310C	1	0
I310D	1	0
I310E	1	0
I310F	1	0
I310G	1	0
I310H	1	0
I310K	1	0
I310L	1	0
I310M	1	0
I310N	1	0
I310P	1	0
I310Q	1	0
I310R	1	0
I310S	1	0
I310T	1	0
I310V	1	0
I310W	1	0
I310Y	1	0
F311A	1	0
F311C	1	0
F311D	1	0
F311E	1	0
F311G	1	0
F311H	1	0
F311I	1	0
F311K	1	0
F311L	1	0
F311M	1	0
F311N	1	0
F311P	1	0
F311Q	1	0
F311R	1	0
F311S	1	0
F311T	1	0
F311V	1	0
F311W	1	0
F311Y	1	0
E312A	1	0
E312C	1	0
E312D	1	0
E312F	1	0
E312G	1	0
E312H	1	0
E312I	1	0
E312K	1	0
E312L	1	0
E312M	1	0
E312N	1	0
E312P	1	0
E312Q	1	0
E312R	1	0
E312S	1	0
E312T	1	0
E312V	1	0
E312W	1	0
E312Y	1	0
L313A	1	0
L313C	1	0
L313D	1	0
L313E	1	0
L313F	1	0
L313G	1	0
L313H	1	0
L313I	1	0
L313K	1	0
L313M	1	0
L313N	1	0
L313P	1	0
L313Q	1	0
L313R	1	0
L313S	1	0
L313T	1	0
L313V	1	0
L313W	1	0
L313Y	1	0
L314A	1	0
L314C	1	0
L314D	1	0
L314E	1	0
L314F	1	0
L314G	1	0
L314H	1	0
L314I	1	0
L314K	1	0
L314M	1	0
L314N	1	0
L314P	1	0
L314Q	1	0
L314R	1	0
L314S	1	0
L314T	1	0
L314V	1	0
L314W	1	0
L314Y	1	0
D315A	1	0
D315C	1	0
D315E	1	0
D315F	1	0
D315G	1	0
D315H	1	0
D315I	1	0
D315K	1	0
D315L	1	0
D315M	1	0
D315N	1	0
D315P	1	0
D315Q	1	0
D315R	1	0
D315S	1	0
D315T	1	0
D315V	1	0
D315W	1	0
D315Y	1	0
Y316A	1	0
Y316C	1	0
Y316D	1	0
Y316E	1	0
Y316F	1	0
Y316G	1	0
Y316H	1	0
Y316I	1	0
Y316K	1	0
Y316L	1	0
Y316M	1	0
Y316N	1	0
Y316P	1	0
Y316Q	1	0
Y316R	1	0
Y316S	1	0
Y316T	1	0
Y316V	1	0
Y316W	1	0
I317A	1	0
I317C	1	0
I317D	1	0
I317E	1	0
I317F	1	0
I317G	1	0
I317H	1	0
I317K	1	0
I317L	1	0
I317M	1	0
I317N	1	0
I317P	1	0
I317Q	1	0
I317R	1	0
I317S	1	0
I317T	1	0
I317V	1	0
I317W	1	0
I317Y	1	0
V318A	1	0
V318C	1	0
V318D	1	0
V318E	1	0
V318F	1	0
V318G	1	0
V318H	1	0
V318I	1	0
V318K	1	0
V318L	1	0
V318M	1	0
V318N	1	0
V318P	1	0
V318Q	1	0
V318R	1	0
V318S	1	0
V318T	1	0
V318W	1	0
V318Y	1	0
N319A	1	0
N319C	1	0
N319D	1	0
N319E	1	0
N319F	1	0
N319G	1	0
N319H	1	0
N319I	1	0
N319K	1	0
N319L	1	0
N319M	1	0
N319P	1	0
N319Q	1	0
N319R	1	0
N319S	1	0
N319T	1	0
N319V	1	0
N319W	1	0
N319Y	1	0
E320A	1	0
E320C	1	0
E320D	1	0
E320F	1	0
E320G	1	0
E320H	1	0
E320I	1	0
E320K	1	0
E320L	1	0
E320M	1	0
E320N	1	0
E320P	1	0
E320Q	1	0
E320R	1	0
E320S	1	0
E320T	1	0
E320V	1	0
E320W	1	0
E320Y	1	0
P321A	1	0
P321C	1	0
P321D	1	0
P321E	1	0
P321F	1	0
P321G	1	0
P321H	1	0
P321I	1	0
P321K	1	0
P321L	1	0
P321M	1	0
P321N	1	0
P321Q	1	0
P321R	1	0
P321S	1	0
P321T	1	0
P321V	1	0
P321W	1	0
P321Y	1	0
P322A	1	0
P322C	1	0
P322D	1	0
P322E	1	0
P322F	1	0
P322G	1	0
P322H	1	0
P322I	1	0
P322K	1	0
P322L	1	0
P322M	1	0
P322N	1	0
P322Q	1	0
P322R	1	0
P322S	1	0
P322T	1	0
P322V	1	0
P322W	1	0
P322Y	1	0
P323A	1	0
P323C	1	0
P323D	1	0
P323E	1	0
P323F	1	0
P323G	1	0
P323H	1	0
P323I	1	0
P323K	1	0
P323L	1	0
P323M	1	0
P323N	1	0
P323Q	1	0
P323R	1	0
P323S	1	0
P323T	1	0
P323V	1	0
P323W	1	0
P323Y	1	0
K324A	1	0
K324C	1	0
K324D	1	0
K324E	1	0
K324F	1	0
K324G	1	0
K324H	1	0
K324I	1	0
K324L	1	0
K324M	1	0
K324N	1	0
K324P	1	0
K324Q	1	0
K324R	1	0
K324S	1	0
K324T	1	0
K324V	1	0
K324W	1	0
K324Y	1	0
L325A	1	0
L325C	1	0
L325D	1	0
L325E	1	0
L325F	1	0
L325G	1	0
L325H	1	0
L325I	1	0
L325K	1	0
L325M	1	0
L325N	1	0
L325P	1	0
L325Q	1	0
L325R	1	0
L325S	1	0
L325T	1	0
L325V	1	0
L325W	1	0
L325Y	1	0
P326A	1	0
P326C	1	0
P326D	1	0
P326E	1	0
P326F	1	0
P326G	1	0
P326H	1	0
P326I	1	0
P326K	1	0
P326L	1	0
P326M	1	0
P326N	1	0
P326Q	1	0
P326R	1	0
P326S	1	0
P326T	1	0
P326V	1	0
P326W	1	0
P326Y	1	0
S327A	1	0
S327C	1	0
S327D	1	0
S327E	1	0
S327F	1	0
S327G	1	0
S327H	1	0
S327I	1	0
S327K	1	0
S327L	1	0
S327M	1	0
S327N	1	0
S327P	1	0
S327Q	1	0
S327R	1	0
S327T	1	0
S327V	1	0
S327W	1	0
S327Y	1	0
G328A	1	0
G328C	1	0
G328D	1	0
G328E	1	0
G328F	1	0
G328H	1	0
G328I	1	0
G328K	1	0
G328L	1	0
G328M	1	0
G328N	1	0
G328P	1	0
G328Q	1	0
G328R	1	0
G328S	1	0
G328T	1	0
G328V	1	0
G328W	1	0
G328Y	1	0
V329A	1	0
V329C	1	0
V329D	1	0
V329E	1	0
V329F	1	0
V329G	1	0
V329H	1	0
V329I	1	0
V329K	1	0
V329L	1	0
V329M	1	0
V329N	1	0
V329P	1	0
V329Q	1	0
V329R	1	0
V329S	1	0
V329T	1	0
V329W	1	0
V329Y	1	0
F330A	1	0
F330C	1	0
F330D	1	0
F330E	1	0
F330G	1	0
F330H	1	0
F330I	1	0
F330K	1	0
F330L	1	0
F330M	1	0
F330N	1	0
F330P	1	0
F330Q	1	0
F330R	1	0
F330S	1	0
F330T	1	0
F330V	1	0
F330W	1	0
F330Y	1	0
S331A	1	0
S331C	1	0
S331D	1	0
S331E	1	0
S331F	1	0
S331G	1	0
S331H	1	0
S331I	1	0
S331K	1	0
S331L	1	0
S331M	1	0
S331N	1	0
S331P	1	0
S331Q	1	0
S331R	1	0
S331T	1	0
S331V	1	0
S331W	1	0
S331Y	1	0
L332A	1	0
L332C	1	0
L332D	1	0
L332E	1	0
L332F	1	0
L332G	1	0
L332H	1	0
L332I	1	0
L332K	1	0
L332M	1	0
L332N	1	0
L332P	1	0
L332Q	1	0
L332R	1	0
L332S	1	0
L332T	1	0
L332V	1	0
L332W	1	0
L332Y	1	0
E333A	1	0
E333C	1	0
E333D	1	0
E333F	1	0
E333G	1	0
E333H	1	0
E333I	1	0
E333K	1	0
E333L	1	0
E333M	1	0
E333N	1	0
E333P	1	0
E333Q	1	0
E333R	1	0
E333S	1	0
E333T	1	0
E333V	1	0
E333W	1	0
E333Y	1	0
F334A	1	0
F334C	1	0
F334D	1	0
F334E	1	0
F334G	1	0
F334H	1	0
F334I	1	0
F334K	1	0
F334L	1	0
F334M	1	0
F334N	1	0
F334P	1	0
F334Q	1	0
F334R	1	0
F334S	1	0
F334T	1	0
F334V	1	0
F334W	1	0
F334Y	1	0
Q335A	1	0
Q335C	1	0
Q335D	1	0
Q335E	1	0
Q335F	1	0
Q335G	1	0
Q335H	1	0
Q335I	1	0
Q335K	1	0
Q335L	1	0
Q335M	1	0
Q335N	1	0
Q335P	1	0
Q335R	1	0
Q335S	1	0
Q335T	1	0
Q335V	1	0
Q335W	1	0
Q335Y	1	0
D336A	1	0
D336C	1	0
D336E	1	0
D336F	1	0
D336G	1	0
D336H	1	0
D336I	1	0
D336K	1	0
D336L	1	0
D336M	1	0
D336N	1	0
D336P	1	0
D336Q	1	0
D336R	1	0
D336S	1	0
D336T	1	0
D336V	1	0
D336W	1	0
D336Y	1	0
F337A	1	0
F337C	1	0
F337D	1	0
F337E	1	0
F337G	1	0
F337H	1	0
F337I	1	0
F337K	1	0
F337L	1	0
F337M	1	0
F337N	1	0
F337P	1	0
F337Q	1	0
F337R	1	0
F337S	1	0
F337T	1	0
F337V	1	0
F337W	1	0
F337Y	1	0
V338A	1	0
V338C	1	0
V338D	1	0
V338E	1	0
V338F	1	0
V338G	1	0
V338H	1	0
V338I	1	0
V338K	1	0
V338L	1	0
V338M	1	0
V338N	1	0
V338P	1	0
V338Q	1	0
V338R	1	0
V338S	1	0
V338T	1	0
V338W	1	0
V338Y	1	0
N339A	1	0
N339C	1	0
N339D	1	0
N339E	1	0
N339F	1	0
N339G	1	0
N339H	1	0
N339I	1	0
N339K	1	0
N339L	1	0
N339M	1	0
N339P	1	0
N339Q	1	0
N339R	1	0
N339S	1	0
N339T	1	0
N339V	1	0
N339W	1	0
N339Y	1	0
K340A	1	0
K340C	1	0
K340D	1	0
K340E	1	0
K340F	1	0
K340G	1	0
K340H	1	0
K340I	1	0
K340L	1	0
K340M	1	0
K340N	1	0
K340P	1	0
K340Q	1	0
K340R	1	0
K340S	1	0
K340T	1	0
K340V	1	0
K340W	1	0
K340Y	1	0
C341A	1	0
C341D	1	0
C341E	1	0
C341F	1	0
C341G	1	0
C341H	1	0
C341I	1	0
C341K	1	0
C341L	1	0
C341M	1	0
C341N	1	0
C341P	1	0
C341Q	1	0
C341R	1	0
C341S	1	0
C341T	1	0
C341V	1	0
C341W	1	0
C341Y	1	0
L342A	1	0
L342C	1	0
L342D	1	0
L342E	1	0
L342F	1	0
L342G	1	0
L342H	1	0
L342I	1	0
L342K	1	0
L342M	1	0
L342N	1	0
L342P	1	0
L342Q	1	0
L342R	1	0
L342S	1	0
L342T	1	0
L342V	1	0
L342W	1	0
L342Y	1	0
I343A	1	0
I343C	1	0
I343D	1	0
I343E	1	0
I343F	1	0
I343G	1	0
I343H	1	0
I343K	1	0
I343L	1	0
I343M	1	0
I343N	1	0
I343P	1	0
I343Q	1	0
I343R	1	0
I343S	1	0
I343T	1	0
I343V	1	0
I343W	1	0
I343Y	1	0
K344A	1	0
K344C	1	0
K344D	1	0
K344E	1	0
K344F	1	0
K344G	1	0
K344H	1	0
K344I	1	0
K344L	1	0
K344M	1	0
K344N	1	0
K344P	1	0
K344Q	1	0
K344R	1	0
K344S	1	0
K344T	1	0
K344V	1	0
K344W	1	0
K344Y	1	0
N345A	1	0
N345C	1	0
N345D	1	0
N345E	1	0
N345F	1	0
N345G	1	0
N345H	1	0
N345I	1	0
N345K	1	0
N345L	1	0
N345M	1	0
N345P	1	0
N345Q	1	0
N345R	1	0
N345S	1	0
N345T	1	0
N345V	1	0
N345W	1	0
N345Y	1	0
P346A	1	0
P346C	1	0
P346D	1	0
P346E	1	0
P346F	1	0
P346G	1	0
P346H	1	0
P346I	1	0
P346K	1	0
P346L	1	0
P346M	1	0
P346N	1	0
P346Q	1	0
P346R	1	0
P346S	1	0
P346T	1	0
P346V	1	0
P346W	1	0
P346Y	1	0
A347C	1	0
A347D	1	0
A347E	1	0
A347F	1	0
A347G	1	0
A347H	1	0
A347I	1	0
A347K	1	0
A347L	1	0
A347M	1	0
A347N	1	0
A347P	1	0
A347Q	1	0
A347R	1	0
A347S	1	0
A347T	1	0
A347V	1	0
A347W	1	0
A347Y	1	0
E348A	1	0
E348C	1	0
E348D	1	0
E348F	1	0
E348G	1	0
E348H	1	0
E348I	1	0
E348K	1	0
E348L	1	0
E348M	1	0
E348N	1	0
E348P	1	0
E348Q	1	0
E348R	1	0
E348S	1	0
E348T	1	0
E348V	1	0
E348W	1	0
E348Y	1	0
R349A	1	0
R349C	1	0
R349D	1	0
R349E	1	0
R349F	1	0
R349G	1	0
R349H	1	0
R349I	1	0
R349K	1	0
R349L	1	0
R349M	1	0
R349N	1	0
R349P	1	0
R349Q	1	0
R349S	1	0
R349T	1	0
R349V	1	0
R349W	1	0
R349Y	1	0
A350C	1	0
A350D	1	0
A350E	1	0
A350F	1	0
A350G	1	0
A350H	1	0
A350I	1	0
A350K	1	0
A350L	1	0
A350M	1	0
A350N	1	0
A350P	1	0
A350Q	1	0
A350R	1	0
A350S	1	0
A350T	1	0
A350V	1	0
A350W	1	0
A350Y	1	0
D351A	1	0
D351C	1	0
D351E	1	0
D351F	1	0
D351G	1	0
D351H	1	0
D351I	1	0
D351K	1	0
D351L	1	0
D351M	1	0
D351N	1	0
D351P	1	0
D351Q	1	0
D351R	1	0
D351S	1	0
D351T	1	0
D351V	1	0
D351W	1	0
D351Y	1	0
L352A	1	0
L352C	1	0
L352D	1	0
L352E	1	0
L352F	1	0
L352G	1	0
L352H	1	0
L352I	1	0
L352K	1	0
L352M	1	0
L352N	1	0
L352P	1	0
L352Q	1	0
L352R	1	0
L352S	1	0
L352T	1	0
L352V	1	0
L352W	1	0
L352Y	1	0
K353A	1	0
K353C	1	0
K353D	1	0
K353E	1	0
K353F	1	0
K353G	1	0
K353H	1	0
K353I	1	0
K353L	1	0
K353M	1	0
K353N	1	0
K353P	1	0
K353Q	1	0
K353R	1	0
K353S	1	0
K353T	1	0
K353V	1	0
K353W	1	0
K353Y	1	0
Q354A	1	0
Q354C	1	0
Q354D	1	0
Q354E	1	0
Q354F	1	0
Q354G	1	0
Q354H	1	0
Q354I	1	0
Q354K	1	0
Q354L	1	0
Q354M	1	0
Q354N	1	0
Q354P	1	0
Q354R	1	0
Q354S	1	0
Q354T	1	0
Q354V	1	0
Q354W	1	0
Q354Y	1	0
L355A	1	0
L355C	1	0
L355D	1	0
L355E	1	0
L355F	1	0
L355G	1	0
L355H	1	0
L355I	1	0
L355K	1	0
L355M	1	0
L355N	1	0
L355P	1	0
L355Q	1	0
L355R	1	0
L355S	1	0
L355T	1	0
L355V	1	0
L355W	1	0
L355Y	1	0
M356A	1	0
M356C	1	0
M356D	1	0
M356E	1	0
M356F	1	0
M356G	1	0
M356H	1	0
M356I	1	0
M356K	1	0
M356L	1	0
M356N	1	0
M356P	1	0
M356Q	1	0
M356R	1	0
M356S	1	0
M356T	1	0
M356V	1	0
M356W	1	0
M356Y	1	0
V357A	1	0
V357C	1	0
V357D	1	0
V357E	1	0
V357F	1	0
V357G	1	0
V357H	1	0
V357I	1	0
V357K	1	0
V357L	1	0
V357M	1	0
V357N	1	0
V357P	1	0
V357Q	1	0
V357R	1	0
V357S	1	0
V357T	1	0
V357W	1	0
V357Y	1	0
H358A	1	0
H358C	1	0
H358D	1	0
H358E	1	0
H358F	1	0
H358G	1	0
H358I	1	0
H358K	1	0
H358L	1	0
H358M	1	0
H358N	1	0
H358P	1	0
H358Q	1	0
H358R	1	0
H358S	1	0
H358T	1	0
H358V	1	0
H358W	1	0
H358Y	1	0
A359C	1	0
A359D	1	0
A359E	1	0
A359F	1	0
A359G	1	0
A359H	1	0
A359I	1	0
A359K	1	0
A359L	1	0
A359M	1	0
A359N	1	0
A359P	1	0
A359Q	1	0
A359R	1	0
A359S	1	0
A359T	1	0
A359V	1	0
A359W	1	0
A359Y	1	0
F360A	1	0
F360C	1	0
F360D	1	0
F360E	1	0
F360G	1	0
F360H	1	0
F360I	1	0
F360K	1	0
F360L	1	0
F360M	1	0
F360N	1	0
F360P	1	0
F360Q	1	0
F360R	1	0
F360S	1	0
F360T	1	0
F360V	1	0
F360W	1	0
F360Y	1	0
I361A	1	0
I361C	1	0
I361D	1	0
I361E	1	0
I361F	1	0
I361G	1	0
I361H	1	0
I361K	1	0
I361L	1	0
I361M	1	0
I361N	1	0
I361P	1	0
I361Q	1	0
I361R	1	0
I361S	1	0
I361T	1	0
I361V	1	0
I361W	1	0
I361Y	1	0
K362A	1	0
K362C	1	0
K362D	1	0
K362E	1	0
K362F	1	0
K362G	1	0
K362H	1	0
K362I	1	0
K362L	1	0
K362M	1	0
K362N	1	0
K362P	1	0
K362Q	1	0
K362R	1	0
K362S	1	0
K362T	1	0
K362V	1	0
K362W	1	0
K362Y	1	0
R363A	1	0
R363C	1	0
R363D	1	0
R363E	1	0
R363F	1	0
R363G	1	0
R363H	1	0
R363I	1	0
R363K	1	0
R363L	1	0
R363M	1	0
R363N	1	0
R363P	1	0
R363Q	1	0
R363S	1	0
R363T	1	0
R363V	1	0
R363W	1	0
R363Y	1	0
S364A	1	0
S364C	1	0
S364D	1	0
S364E	1	0
S364F	1	0
S364G	1	0
S364H	1	0
S364I	1	0
S364K	1	0
S364L	1	0
S364M	1	0
S364N	1	0
S364P	1	0
S364Q	1	0
S364R	1	0
S364T	1	0
S364V	1	0
S364W	1	0
S364Y	1	0
D365A	1	0
D365C	1	0
D365E	1	0
D365F	1	0
D365G	1	0
D365H	1	0
D365I	1	0
D365K	1	0
D365L	1	0
D365M	1	0
D365N	1	0
D365P	1	0
D365Q	1	0
D365R	1	0
D365S	1	0
D365T	1	0
D365V	1	0
D365W	1	0
D365Y	1	0
A366C	1	0
A366D	1	0
A366E	1	0
A366F	1	0
A366G	1	0
A366H	1	0
A366I	1	0
A366K	1	0
A366L	1	0
A366M	1	0
A366N	1	0
A366P	1	0
A366Q	1	0
A366R	1	0
A366S	1	0
A366T	1	0
A366V	1	0
A366W	1	0
A366Y	1	0
E367A	1	0
E367C	1	0
E367D	1	0
E367F	1	0
E367G	1	0
E367H	1	0
E367I	1	0
E367K	1	0
E367L	1	0
E367M	1	0
E367N	1	0
E367P	1	0
E367Q	1	0
E367R	1	0
E367S	1	0
E367T	1	0
E367V	1	0
E367W	1	0
E367Y	1	0
E368A	1	0
E368C	1	0
E368D	1	0
E368F	1	0
E368G	1	0
E368H	1	0
E368I	1	0
E368K	1	0
E368L	1	0
E368M	1	0
E368N	1	0
E368P	1	0
E368Q	1	0
E368R	1	0
E368S	1	0
E368T	1	0
E368V	1	0
E368W	1	0
E368Y	1	0
V369A	1	0
V369C	1	0
V369D	1	0
V369E	1	0
V369F	1	0
V369G	1	0
V369H	1	0
V369I	1	0
V369K	1	0
V369L	1	0
V369M	1	0
V369N	1	0
V369P	1	0
V369Q	1	0
V369R	1	0
V369S	1	0
V369T	1	0
V369W	1	0
V369Y	1	0
D370A	1	0
D370C	1	0
D370E	1	0
D370F	1	0
D370G	1	0
D370H	1	0
D370I	1	0
D370K	1	0
D370L	1	0
D370M	1	0
D370N	1	0
D370P	1	0
D370Q	1	0
D370R	1	0
D370S	1	0
D370T	1	0
D370V	1	0
D370W	1	0
D370Y	1	0
F371A	1	0
F371C	1	0
F371D	1	0
F371E	1	0
F371G	1	0
F371H	1	0
F371I	1	0
F371K	1	0
F371L	1	0
F371M	1	0
F371N	1	0
F371P	1	0
F371Q	1	0
F371R	1	0
F371S	1	0
F371T	1	0
F371V	1	0
F371W	1	0
F371Y	1	0
A372C	1	0
A372D	1	0
A372E	1	0
A372F	1	0
A372G	1	0
A372H	1	0
A372I	1	0
A372K	1	0
A372L	1	0
A372M	1	0
A372N	1	0
A372P	1	0
A372Q	1	0
A372R	1	0
A372S	1	0
A372T	1	0
A372V	1	0
A372W	1	0
A372Y	1	0
G373A	1	0
G373C	1	0
G373D	1	0
G373E	1	0
G373F	1	0
G373H	1	0
G373I	1	0
G373K	1	0
G373L	1	0
G373M	1	0
G373N	1	0
G373P	1	0
G373Q	1	0
G373R	1	0
G373S	1	0
G373T	1	0
G373V	1	0
G373W	1	0
G373Y	1	0
W374A	1	0
W374C	1	0
W374D	1	0
W374E	1	0
W374F	1	0
W374G	1	0
W374H	1	0
W374I	1	0
W374K	1	0
W374L	1	0
W374M	1	0
W374N	1	0
W374P	1	0
W374Q	1	0
W374R	1	0
W374S	1	0
W374T	1	0
W374V	1	0
W374Y	1	0
L375A	1	0
L375C	1	0
L375D	1	0
L375E	1	0
L375F	1	0
L375G	1	0
L375H	1	0
L375I	1	0
L375K	1	0
L375M	1	0
L375N	1	0
L375P	1	0
L375Q	1	0
L375R	1	0
L375S	1	0
L375T	1	0
L375V	1	0
L375W	1	0
L375Y	1	0
C376A	1	0
C376D	1	0
C376E	1	0
C376F	1	0
C376G	1	0
C376H	1	0
C376I	1	0
C376K	1	0
C376L	1	0
C376M	1	0
C376N	1	0
C376P	1	0
C376Q	1	0
C376R	1	0
C376S	1	0
C376T	1	0
C376V	1	0
C376W	1	0
C376Y	1	0
S377A	1	0
S377C	1	0
S377D	1	0
S377E	1	0
S377F	1	0
S377G	1	0
S377H	1	0
S377I	1	0
S377K	1	0
S377L	1	0
S377M	1	0
S377N	1	0
S377P	1	0
S377Q	1	0
S377R	1	0
S377T	1	0
S377V	1	0
S377W	1	0
S377Y	1	0
T378A	1	0
T378C	1	0
T378D	1	0
T378E	1	0
T378F	1	0
T378G	1	0
T378H	1	0
T378I	1	0
T378K	1	0
T378L	1	0
T378M	1	0
T378N	1	0
T378P	1	0
T378Q	1	0
T378R	1	0
T378S	1	0
T378V	1	0
T378W	1	0
T378Y	1	0
I379A	1	0
I379C	1	0
I379D	1	0
I379E	1	0
I379F	1	0
I379G	1	0
I379H	1	0
I379K	1	0
I379L	1	0
I379M	1	0
I379N	1	0
I379P	1	0
I379Q	1	0
I379R	1	0
I379S	1	0
I379T	1	0
I379V	1	0
I379W	1	0
I379Y	1	0
G380A	1	0
G380C	1	0
G380D	1	0
G380E	1	0
G380F	1	0
G380H	1	0
G380I	1	0
G380K	1	0
G380L	1	0
G380M	1	0
G380N	1	0
G380P	1	0
G380Q	1	0
G380R	1	0
G380S	1	0
G380T	1	0
G380V	1	0
G380W	1	0
G380Y	1	0
L381A	1	0
L381C	1	0
L381D	1	0
L381E	1	0
L381F	1	0
L381G	1	0
L381H	1	0
L381I	1	0
L381K	1	0
L381M	1	0
L381N	1	0
L381P	1	0
L381Q	1	0
L381R	1	0
L381S	1	0
L381T	1	0
L381V	1	0
L381W	1	0
L381Y	1	0
N382A	1	0
N382C	1	0
N382D	1	0
N382E	1	0
N382F	1	0
N382G	1	0
N382H	1	0
N382I	1	0
N382K	1	0
N382L	1	0
N382M	1	0
N382P	1	0
N382Q	1	0
N382R	1	0
N382S	1	0
N382T	1	0
N382V	1	0
N382W	1	0
N382Y	1	0
Q383A	1	0
Q383C	1	0
Q383D	1	0
Q383E	1	0
Q383F	1	0
Q383G	1	0
Q383H	1	0
Q383I	1	0
Q383K	1	0
Q383L	1	0
Q383M	1	0
Q383N	1	0
Q383P	1	0
Q383R	1	0
Q383S	1	0
Q383T	1	0
Q383V	1	0
Q383W	1	0
Q383Y	1	0
P384A	1	0
P384C	1	0
P384D	1	0
P384E	1	0
P384F	1	0
P384G	1	0
P384H	1	0
P384I	1	0
P384K	1	0
P384L	1	0
P384M	1	0
P384N	1	0
P384Q	1	0
P384R	1	0
P384S	1	0
P384T	1	0
P384V	1	0
P384W	1	0
P384Y	1	0
S385A	1	0
S385C	1	0
S385D	1	0
S385E	1	0
S385F	1	0
S385G	1	0
S385H	1	0
S385I	1	0
S385K	1	0
S385L	1	0
S385M	1	0
S385N	1	0
S385P	1	0
S385Q	1	0
S385R	1	0
S385T	1	0
S385V	1	0
S385W	1	0
S385Y	1	0
T386A	1	0
T386C	1	0
T386D	1	0
T386E	1	0
T386F	1	0
T386G	1	0
T386H	1	0
T386I	1	0
T386K	1	0
T386L	1	0
T386M	1	0
T386N	1	0
T386P	1	0
T386Q	1	0
T386R	1	0
T386S	1	0
T386V	1	0
T386W	1	0
T386Y	1	0
P387A	1	0
P387C	1	0
P387D	1	0
P387E	1	0
P387F	1	0
P387G	1	0
P387H	1	0
P387I	1	0
P387K	1	0
P387L	1	0
P387M	1	0
P387N	1	0
P387Q	1	0
P387R	1	0
P387S	1	0
P387T	1	0
P387V	1	0
P387W	1	0
P387Y	1	0
T388A	1	0
T388C	1	0
T388D	1	0
T388E	1	0
T388F	1	0
T388G	1	0
T388H	1	0
T388I	1	0
T388K	1	0
T388L	1	0
T388M	1	0
T388N	1	0
T388P	1	0
T388Q	1	0
T388R	1	0
T388S	1	0
T388V	1	0
T388W	1	0
T388Y	1	0
H389A	1	0
H389C	1	0
H389D	1	0
H389E	1	0
H389F	1	0
H389G	1	0
H389I	1	0
H389K	1	0
H389L	1	0
H389M	1	0
H389N	1	0
H389P	1	0
H389Q	1	0
H389R	1	0
H389S	1	0
H389T	1	0
H389V	1	0
H389W	1	0
H389Y	1	0
A390C	1	0
A390D	1	0
A390E	1	0
A390F	1	0
A390G	1	0
A390H	1	0
A390I	1	0
A390K	1	0
A390L	1	0
A390M	1	0
A390N	1	0
A390P	1	0
A390Q	1	0
A390R	1	0
A390S	1	0
A390T	1	0
A390V	1	0
A390W	1	0
A390Y	1	0
A391C	1	0
A391D	1	0
A391E	1	0
A391F	1	0
A391G	1	0
A391H	1	0
A391I	1	0
A391K	1	0
A391L	1	0
A391M	1	0
A391N	1	0
A391P	1	0
A391Q	1	0
A391R	1	0
A391S	1	0
A391T	1	0
A391V	1	0
A391W	1	0
A391Y	1	0
G392A	1	0
G392C	1	0
G392D	1	0
G392E	1	0
G392F	1	0
G392H	1	0
G392I	1	0
G392K	1	0
G392L	1	0
G392M	1	0
G392N	1	0
G392P	1	0
G392Q	1	0
G392R	1	0
G392S	1	0
G392T	1	0
G392V	1	0
G392W	1	0
G392Y	1	0
V393A	1	0
V393C	1	0
V393D	1	0
V393E	1	0
V393F	1	0
V393G	1	0
V393H	1	0
V393I	1	0
V393K	1	0
V393L	1	0
V393M	1	0
V393N	1	0
V393P	1	0
V393Q	1	0
V393R	1	0
V393S	1	0
V393T	1	0
V393W	1	0
V393Y	1	0
