N23L	1	0	3.74646759
P58Q	1	0	3.74129987
P58R	1	0	3.71094108
P58K	1	0	3.69577670
P187C	1	0	3.67229724
E6C	1	0	3.67016006
K158C	1	0	3.66522717
K113C	1	0	3.66180158
N23F	1	0	3.65693402
T50Q	1	0	3.64506626
R73Q	1	0	3.63810086
S175C	1	0	3.63653588
L7C	1	0	3.63375926
K79M	1	0	3.62821984
T50K	1	0	3.62814140
K166V	1	0	3.62622809
V193C	1	0	3.62589383
I188C	1	0	3.62567449
R73M	1	0	3.62290215
V11C	1	0	3.62233996
E6Y	1	0	3.62187123
G191C	1	0	3.62184334
D234T	1	0	3.62108922
K158V	1	0	3.62074542
K166I	1	0	3.62013316
L7W	1	0	3.61800265
D19H	1	0	3.61655998
E32S	1	0	3.61491942
D234A	1	0	3.61457133
R168I	1	0	3.61417270
R168L	1	0	3.61373138
K26P	1	0	3.61095309
R168F	1	0	3.61036181
G160M	1	0	3.60858536
D234Q	1	0	3.60770726
D102E	1	0	3.60630012
T50H	1	0	3.60354233
D234M	1	0	3.60350132
K113H	1	0	3.60328770
E32H	1	0	3.60281062
V176C	1	0	3.60278130
E17H	1	0	3.60237956
G20F	1	0	3.60132861
N105H	1	0	3.60096669
G160Q	1	0	3.59991932
K162C	1	0	3.59957409
N105Q	1	0	3.59757423
N159C	1	0	3.59668136
K166F	1	0	3.59625530
D234H	1	0	3.59606934
E6S	1	0	3.59563708
G4H	1	0	3.59457779
S28A	1	0	3.59357667
K126C	1	0	3.59340382
K166H	1	0	3.59329867
T9C	1	0	3.59295082
R168V	1	0	3.59267330
Q80Y	1	0	3.59239841
K166T	1	0	3.59199119
K166L	1	0	3.59154439
D234I	1	0	3.59117031
K166C	1	0	3.59041214
T49C	1	0	3.59028912
N105M	1	0	3.58988500
T203I	1	0	3.58867812
D234L	1	0	3.58799267
R168C	1	0	3.58783126
H81Y	1	0	3.58649063
K79T	1	0	3.58616447
E111T	1	0	3.58600807
Q80F	1	0	3.58599281
K158H	1	0	3.58593440
L7F	1	0	3.58477306
T230H	1	0	3.58458328
K3C	1	0	3.58383060
K79W	1	0	3.58376050
G160H	1	0	3.58302808
L7Y	1	0	3.58264852
K113Y	1	0	3.58208466
D234G	1	0	3.58175755
Q80M	1	0	3.58172727
T49K	1	0	3.58135295
L44M	1	0	3.58052754
K162A	1	0	3.58023643
E6W	1	0	3.57949281
E132M	1	0	3.57937551
Y39H	1	0	3.57900500
K140F	1	0	3.57899976
S30H	1	0	3.57886815
G20Y	1	0	3.57870412
K113R	1	0	3.57766843
E124Y	1	0	3.57749081
K126F	1	0	3.57688928
K158G	1	0	3.57654691
E124C	1	0	3.57643056
K209T	1	0	3.57542634
R73E	1	0	3.57449174
G160C	1	0	3.57445145
K162M	1	0	3.57434726
E115C	1	0	3.57424855
